FileHash,AdditionalColumn,130Byte
d43291684d6412f537d7f2001c21ad58313643a3556b730c287aed2015624a31,1,cffaedfe07000001030000800200000012000000c0070000850020040000000019000000480000005f5f504147455a45524f00000000000000000000000000000000000001000000000000000000000000000000000000000000000000000000000000000000000019000000280200005f5f54455854000000000000000000000000
b24dd25b42e82a9b4a3fedf05913a4318154e6b04d7e54510f9d3dcf4c8d3438,1,cffaedfe07000001030000800200000012000000c0070000850020040000000019000000480000005f5f504147455a45524f00000000000000000000000000000000000001000000000000000000000000000000000000000000000000000000000000000000000019000000280200005f5f54455854000000000000000000000000
3afb321a3e194a41da2ee825c922da21205cf64003e39b73ccc8b3a2fb80acbc,1,cffaedfe07000001030000800200000012000000c0070000850020040000000019000000480000005f5f504147455a45524f00000000000000000000000000000000000001000000000000000000000000000000000000000000000000000000000000000000000019000000280200005f5f54455854000000000000000000000000
f409b059205d9a7700d45022dad179f889f18c58c7a284673975271f6af41794,1,cffaedfe07000001030000800200000012000000c0070000850020040000000019000000480000005f5f504147455a45524f00000000000000000000000000000000000001000000000000000000000000000000000000000000000000000000000000000000000019000000280200005f5f54455854000000000000000000000000
4cf88ff2bc165ff98d6e4b7d02d44126892fdb417bdc30aa3c8209b8cf4bb890,1,cffaedfe0700000103000000020000000a000000b8060000000000000000000019000000480000005f5f504147455a45524f00000000000000000000000000000000000100000000000000000000000000000000000000000000000000000000000000000000000019000000780200005f5f54455854000000000000000000000000
6d8b9d052d6a324fced47690234291306cdc744613302a922c72390c4dedae42,1,cffaedfe07000001030000800200000012000000c0070000850020040000000019000000480000005f5f504147455a45524f00000000000000000000000000000000000001000000000000000000000000000000000000000000000000000000000000000000000019000000280200005f5f54455854000000000000000000000000
3e6317229d122073f57264d6f69ae3e145decad3666ddad8173c942e80588e69,1,4d5a90000300000004000000ffff0000b800000000000000400000000000000000000000000000000000000000000000000000000000000000000000000100000e1fba0e00b409cd21b8014ccd21546869732070726f6772616d2063616e6e6f742062652072756e20696e20444f53206d6f64652e0d0d0a2400000000000000f845
dcaf62ee4637397b2aaa73dbe41cfb514c71565f1d4770944c9b678cd2545087,1,4d5a90000300000004000000ffff0000b800000000000000400000000000000000000000000000000000000000000000000000000000000000000000f00000000e1fba0e00b409cd21b8014ccd21546869732070726f6772616d2063616e6e6f742062652072756e20696e20444f53206d6f64652e0d0d0a24000000000000001745
7d14b98cdc1b898bd0d9be80398fc59ab560e8c44e0a9dedac8ad4ece3d450b0,1,4d5a90000300000004000000ffff0000b800000000000000400000000000000000000000000000000000000000000000000000000000000000000000f00000000e1fba0e00b409cd21b8014ccd21546869732070726f6772616d2063616e6e6f742062652072756e20696e20444f53206d6f64652e0d0d0a24000000000000003a19
8962de34e5d63228d5ab037c87262e5b13bb9c17e73e5db7d6be4212d66f1c22,1,4d5a90000300000004000000ffff0000b800000000000000400000000000000000000000000000000000000000000000000000000000000000000000000100000e1fba0e00b409cd21b8014ccd21546869732070726f6772616d2063616e6e6f742062652072756e20696e20444f53206d6f64652e0d0d0a2400000000000000f845
608e2b023dc8f7e02ae2000fc7dbfc24e47807d1e4264cbd6bb5839c81f91934,1,4d5a90000300000004000000ffff0000b800000000000000400000000000000000000000000000000000000000000000000000000000000000000000000100000e1fba0e00b409cd21b8014ccd21546869732070726f6772616d2063616e6e6f742062652072756e20696e20444f53206d6f64652e0d0d0a2400000000000000f845
5573cbe13c0dbfd3d0e467b9907f3a89c1c133c774ada906ea256e228ae885d5,1,4d5a90000300000004000000ffff0000b800000000000000400000000000000000000000000000000000000000000000000000000000000000000000f80000000e1fba0e00b409cd21b8014ccd21546869732070726f6772616d2063616e6e6f742062652072756e20696e20444f53206d6f64652e0d0d0a2400000000000000c175
762bb8a7209da29afb89f7941ae1c00a04cf45a144c6c5dddcfa78ff0d941539,1,4d5a90000300000004000000ffff0000b800000000000000400000000000000000000000000000000000000000000000000000000000000000000000f80000000e1fba0e00b409cd21b8014ccd21546869732070726f6772616d2063616e6e6f742062652072756e20696e20444f53206d6f64652e0d0d0a2400000000000000237c
06abc46d5dbd012b170c97d142c6b679183159197e9d3f6a76ba5e5abf999725,1,7f454c4602010100000000000000000002003e000100000000a04000000000004000000000000000403722000000000000000000400038000800400020001d000600000005000000400000000000000040004000000000004000400000000000c001000000000000c001000000000000080000000000000003000000040000000002
9db958bc5b4a21340ceeeb8c36873aa6bd02a460e688de56ccbba945384b1926,1,4d5a90000300000004000000ffff0000b800000000000000400000000000000000000000000000000000000000000000000000000000000000000000180100000e1fba0e00b409cd21b8014ccd21546869732070726f6772616d2063616e6e6f742062652072756e20696e20444f53206d6f64652e0d0d0a24000000000000000ae0
2598e8adb87976abe48f0eba4bbb9a7cb69439e0c133b21aee3845dfccf3fb8f,1,4d5a90000300000004000000ffff0000b800000000000000400000000000000000000000000000000000000000000000000000000000000000000000180100000e1fba0e00b409cd21b8014ccd21546869732070726f6772616d2063616e6e6f742062652072756e20696e20444f53206d6f64652e0d0d0a24000000000000000ae0
5fda381a9884f7be2d57b8a290f389578a9d2f63e2ecb98bd773248a7eb99fa2,1,4d5a90000300000004000000ffff0000b800000000000000400000000000000000000000000000000000000000000000000000000000000000000000180100000e1fba0e00b409cd21b8014ccd21546869732070726f6772616d2063616e6e6f742062652072756e20696e20444f53206d6f64652e0d0d0a24000000000000000ae0
f484f919ba6e36ff33e4fb391b8859a94d89c172a465964f99d6113b55ced429,1,4d5a90000300000004000000ffff0000b800000000000000400000000000000000000000000000000000000000000000000000000000000000000000180100000e1fba0e00b409cd21b8014ccd21546869732070726f6772616d2063616e6e6f742062652072756e20696e20444f53206d6f64652e0d0d0a24000000000000000ae0
491c2b32095174b9de2fd799732a6f84878c2e23b9bb560cd3155cbdc65e2b80,1,4d5a90000300000004000000ffff0000b800000000000000400000000000000000000000000000000000000000000000000000000000000000000000180100000e1fba0e00b409cd21b8014ccd21546869732070726f6772616d2063616e6e6f742062652072756e20696e20444f53206d6f64652e0d0d0a2400000000000000ac87
7cbfea0bff4b373a175327d6cc395f6c176dab1cedf9075e7130508bec4d5393,1,4d5a90000300000004000000ffff0000b800000000000000400000000000000000000000000000000000000000000000000000000000000000000000180100000e1fba0e00b409cd21b8014ccd21546869732070726f6772616d2063616e6e6f742062652072756e20696e20444f53206d6f64652e0d0d0a2400000000000000ac87
c24c59c8f4e7a581a5d45ee181151ec0a3f0b59af987eacf9b363577087c9746,1,4d5a90000300000004000000ffff0000b800000000000000400000000000000000000000000000000000000000000000000000000000000000000000180100000e1fba0e00b409cd21b8014ccd21546869732070726f6772616d2063616e6e6f742062652072756e20696e20444f53206d6f64652e0d0d0a24000000000000000ae0
4e153342189a55ffed34a91f2a3f4440af1acbf7dc58135a165a06b4e657556a,1,7f454c460101010000000000000000000200030001000000d0850a0834000000140100000000000034002000070028000e00030006000000340000003480040834800408e0000000e0000000040000000010000004000000c40f0000c48f0408c48f04083c0000003c00000004000000040000000100000000000000008004080080
0162641163a30a2edff787eeecc733ab1de46f03e213743dc768d39eb3075985,1,4d5a90000300040000000000ffff00008b00000000000000400000000000000000000000000000000000000000000000000000000000000000000000800000000e1fba0e00b409cd21b8014ccd21546869732070726f6772616d2063616e6e6f742062652072756e20696e20444f53206d6f64652e0d0d0a24000000000000005045
fac8c868b2bc6709b7c8cb3252c1a9f8d8c0b61cf81ad5e4ff409ff812c54856,1,504b0304140000000000116a83570000000000000000000000000500000062696e732f504b0304140000000800ab698357a356242ffee20b0000401b001200000062696e732f646563727970742d6c696e7578ec5d7b7c53d51d4fd2a4a490705348a160a1a9446d67c1d6556db468600502142d5bd5eaea6b327c502762023a8b14
d1ac55a4e610380f0ab239fcc1c5f5a42722e8ee1554cba8074bbae4a5f6dbe1,1,425a68313141592653593197d39c00001dfffbf81001005800040023665424080a002260148880a010002000080200880820005461a3d269a321a621a01a64321028340001a640d034698a85e8df7446039e46649210004100c8403ebb0a396ada96291f257b36a26090f737ba039789aef23e8495c3e8443f1772453850903197d3
e3ad733cea9eba29e86610050c1a15592e6c77820927b9edeb77310975393574,1,cffaedfe0700000103000080020000002000000028130000858021000000000019000000480000005f5f504147455a45524f00000000000000000000000000000000000001000000000000000000000000000000000000000000000000000000000000000000000019000000080400005f5f54455854000000000000000000000000
31b6adb633cff2a0f34cefd2a218097f3a9a8176c9363cc70fe41fe02af810b9,1,cffaedfe0700000103000080020000000500000078020000050000000000000019000000480000005f5f504147455a45524f00000000000000000000000000000010000000000000000000000000000000000000000000000000000000000000000000000000000019000000980000005f5f58484452000000000000000000000010
d7d765b1ddd235a57a2d13bd065f293a7469594c7e13ea7700e55501206a09b5,1,425a68313141592653593ce7b86000001ddff3f800d0800020a3a6740400a20442410002402004020206200008a00054634681a610191a311a31a0d14d0683401a321a1a00bcc90987df2020c37030d304048642630478508d9cd7e2e625eb5b765297550bf1ae1edfdef93db7772f80236804c5dc914e14240f39ee1800425a6835
ddc3dbee2a8ea9d8ed93f0843400653a89350612f2914868485476a847c6484a,1,cffaedfe0700000103000080020000002000000028130000858021000000000019000000480000005f5f504147455a45524f00000000000000000000000000000000000001000000000000000000000000000000000000000000000000000000000000000000000019000000080400005f5f54455854000000000000000000000000
64065c29b369881ee36314c0d15e442510027186fd9087aec0f63e22a5c6f24c,1,4d5a90000300040000000000ffff00008b00000000000000400000000000000000000000000000000000000000000000000000000000000000000000800000000e1fba0e00b409cd21b8014ccd21546869732070726f6772616d2063616e6e6f742062652072756e20696e20444f53206d6f64652e0d0d0a24000000000000005045
1fd07b8d1728e416f897bef4f1471126f9b18ef108eb952f4b75050da22e8e43,1,4d5a90000300040000000000ffff00008b00000000000000400000000000000000000000000000000000000000000000000000000000000000000000800000000e1fba0e00b409cd21b8014ccd21546869732070726f6772616d2063616e6e6f742062652072756e20696e20444f53206d6f64652e0d0d0a24000000000000005045
f7a3a8734c004682201b8873691d684985329be3fcdba965f268103a086ebaad,1,4d5a90000300040000000000ffff00008b00000000000000400000000000000000000000000000000000000000000000000000000000000000000000800000000e1fba0e00b409cd21b8014ccd21546869732070726f6772616d2063616e6e6f742062652072756e20696e20444f53206d6f64652e0d0d0a24000000000000005045
eaf5e26c5e73f3db82cd07ea45e4d244ccb3ec3397ab5263a1a74add7bbcb6e2,1,4d5a90000300040000000000ffff00008b00000000000000400000000000000000000000000000000000000000000000000000000000000000000000800000000e1fba0e00b409cd21b8014ccd21546869732070726f6772616d2063616e6e6f742062652072756e20696e20444f53206d6f64652e0d0d0a24000000000000005045
20bab94e6d9c8ed4832ce3b58f9150b16f9e5f40ffdcb747e10366cab5a30352,1,4d5a90000300040000000000ffff00008b00000000000000400000000000000000000000000000000000000000000000000000000000000000000000800000000e1fba0e00b409cd21b8014ccd21546869732070726f6772616d2063616e6e6f742062652072756e20696e20444f53206d6f64652e0d0d0a24000000000000005045
d602562ba7273695df9248a8590b510ccd49fefb97f5c75d485895abba13418d,1,4d5a90000300040000000000ffff00008b00000000000000400000000000000000000000000000000000000000000000000000000000000000000000800000000e1fba0e00b409cd21b8014ccd21546869732070726f6772616d2063616e6e6f742062652072756e20696e20444f53206d6f64652e0d0d0a24000000000000005045
46d340eaf6b78207e24b6011422f1a5b4a566e493d72365c6a1cace11c36b28b,1,4d5a90000300040000000000ffff00008b00000000000000400000000000000000000000000000000000000000000000000000000000000000000000800000000e1fba0e00b409cd21b8014ccd21546869732070726f6772616d2063616e6e6f742062652072756e20696e20444f53206d6f64652e0d0d0a24000000000000005045
dda89e9e6c70ff814c65e1748a27b42517690acb12c65c3bbd60ae3ab41e7aca,1,4d5a90000300000004000000ffff0000b800000000000000400000000000000000000000000000000000000000000000000000000000000000000000800000000e1fba0e00b409cd21b8014ccd21546869732070726f6772616d2063616e6e6f742062652072756e20696e20444f53206d6f64652e0d0d0a24000000000000005045
cd17afd9115b2d83e948a1bcabf508f42d0fe7edb56cc62f5cc467c938e45033,1,4d5a90000300040000000000ffff00008b00000000000000400000000000000000000000000000000000000000000000000000000000000000000000800000000e1fba0e00b409cd21b8014ccd21546869732070726f6772616d2063616e6e6f742062652072756e20696e20444f53206d6f64652e0d0d0a24000000000000005045
da7a959ae7ea237bb6cd913119a35baa43a68e375f892857f6d77eaa62aabbaf,1,4d5a90000300040000000000ffff00008b00000000000000400000000000000000000000000000000000000000000000000000000000000000000000800000000e1fba0e00b409cd21b8014ccd21546869732070726f6772616d2063616e6e6f742062652072756e20696e20444f53206d6f64652e0d0d0a24000000000000005045
cbab4614a2cdd65eb619a4dd0b5e726f0a94483212945f110694098194f77095,1,4d5afd000300040000000000fdfd0000fd00000000000000400000000000000000000000000000000000000000000000000000000000000000000000fd0000000e1ffd0e00fd09fd21fd014cfd21546869732070726f6772616d2063616e6e6f742062652072756e20696e20444f53206d6f64652e0d0d0a24000000000000005045
8592862cd28bcc23cfbcf57c82569c0b74a70cd7ea70dbdee7421f3fafc7ecaf,1,4d5a90000300040000000000ffff00008b00000000000000400000000000000000000000000000000000000000000000000000000000000000000000800000000e1fba0e00b409cd21b8014ccd21546869732070726f6772616d2063616e6e6f742062652072756e20696e20444f53206d6f64652e0d0d0a24000000000000005045
50c86fb27bed1962903a5f9d155544e3fdb859ae19e967a10f0bf3a60bb8954f,1,4d5a90000300040000000000ffff00008b00000000000000400000000000000000000000000000000000000000000000000000000000000000000000800000000e1fba0e00b409cd21b8014ccd21546869732070726f6772616d2063616e6e6f742062652072756e20696e20444f53206d6f64652e0d0d0a24000000000000005045
de31a4125eb74d0b7cbf2451b40fdb2d66d279a8b8fd42191660b196a9ac468f,1,4d5a90000300040000000000ffff00008b00000000000000400000000000000000000000000000000000000000000000000000000000000000000000800000000e1fba0e00b409cd21b8014ccd21546869732070726f6772616d2063616e6e6f742062652072756e20696e20444f53206d6f64652e0d0d0a24000000000000005045
624188b7b839afe83d2cc6593448b73e94c40085671f967846ac3901c9f75249,1,7f454c460101010000000000000000000200030001000000209e040834000000ecc405000000000034002000090028001a001900060000003400000034800408348004082001000020010000050000000400000003000000540100005481040854810408130000001300000004000000010000000100000000000000008004080080
038ff8b2fef16f8ee9d70e6c219c5f380afe1a21761791e8cbda21fa4d09fdb4,1,7f454c4602010100000000000000000002003e0001000000c82e40000000000040000000000000000000000000000000000000004000380003004000000000000100000005000000000000000000000000004000000000000000400000000000cd37000000000000cd37000000000000000020000000000001000000060000000000
c1ce6f65457f5ba4e6ef75a4eaf975d62d1b038aba7001a8a9ac7dcd17620b6c,1,7f454c46010201000000000000000000000200020000000100011b4800000034000489c400000000003400200008002800180017000000060000003400010034000100340000010000000100000000050000000400000003000001340001013400010134000000140000001400000004000000010000000100000000000100000001
2c14356e0a6a9019c50b069e88fe58abbbc3c93451a74e3e66f8c1a2a831e9ba,1,7f454c4602010100000000000000000002003e0001000000c0264000000000004000000000000000a8270400000000000000000040003800090040001b001a000600000005000000400000000000000040004000000000004000400000000000f801000000000000f801000000000000080000000000000003000000040000003802
40b2724e08232e2a46f3ee36e9b0e5ee2bb49e81570abeb28035adc71db8ac99,1,7f454c4602010100000000000000000002003e00010000000027400000000000400000000000000048100400000000000000000040003800090040001b001a000600000005000000400000000000000040004000000000004000400000000000f801000000000000f801000000000000080000000000000003000000040000003802
052716d193fc11c2f0deb67e35e580db335368d53cdd486f9cb1598c7021be8e,1,7f454c46020101000000000000000000020015000100000030310010000000004000000000000000286a0400000000000200000040003800090040001a0019000600000005000000400000000000000040000010000000004000001000000000f801000000000000f801000000000000080000000000000003000000040000003802
13f37b58c8594a7f0ecc7a85abadd633d9bdb591b29ed959dd9e4fb3f10cf261,1,7f454c4602020100000000000000000000020016000000010000000001003f0000000000000000400000000000043358000000000040003800090040001a0019000000060000000400000000000000400000000001000040000000000100004000000000000001f800000000000001f8000000000000000800000003000000040000
2f31962c5e89917f6df87babd836840042b7ea7ea01763cff1bf645878a2ab47,1,7f454c46010101000000000000000000020008000100000050430010340000009c6d040027000060340020000b0028001f001e000600000034000000340000103400001060010000600100000500000004000000030000009401000094010010940100100f0000000f000000040000000100000000000070c8010000c8010010c801
67df6effa1d1d0690c0a7580598f6d05057c99014fcbfe9c225faae59b9a3224,1,7f454c4602010100000000000000000002003e0001000000e0254000000000004000000000000000e8ee0300000000000000000040003800090040001b001a000600000005000000400000000000000040004000000000004000400000000000f801000000000000f801000000000000080000000000000003000000040000003802
ee3e03f4510a1a325a06a17060a89da7ae5f9b805e4fe3a8c78327b9ecae84df,1,7f454c4602010100000000000000000002003e0001000000c026400000000000400000000000000048f40300000000000000000040003800090040001b001a000600000005000000400000000000000040004000000000004000400000000000f801000000000000f801000000000000080000000000000003000000040000003802
5b6bc0adf45e1004c673bd2f2b58de6bf9355f7aabc993c9406dc3769d690b19,1,7f454c460202010000000000000000000002001500000001000000001004ce8800000000000000400000000000046a30000000010040003800090040001b001a000000060000000500000000000000400000000010000040000000001000004000000000000001f800000000000001f8000000000000000800000003000000040000
a0b36376ab6c54540d10e5d549049622096d121abec6f760e0452a535c1675f3,1,7f454c460201010000000000000000000200080001000000a0610020010000004000000000000000509604000000000007000060400038000a0040001f001e000600000005000000400000000000000040000020010000004000002001000000300200000000000030020000000000000800000000000000030000000400000060dd
4800a67ceff340d2ab4f79406a01f58e5a97d589b29b35394b2a82a299b19745,1,7f454c460202010000000000000000000002002b000000010000000000102980000000000000004000000000000413c0000000020040003800090040001b001a000000060000000500000000000000400000000000100040000000000010004000000000000001f800000000000001f8000000000000000800000003000000040000
c0869e7f1bb4914fa453db5eb9cafd6fea090f7c6c156b9f1a3479e0ce7f4df2,1,7f454c4602010100000000000000000002003e0001000000c029400000000000400000000000000060880400000000000000000040003800090040001a0019000600000005000000400000000000000040004000000000004000400000000000f801000000000000f801000000000000080000000000000003000000040000003802
f3a1576837ed56bcf79ff486aadf36e78d624853e9409ec1823a6f46fd0143ea,1,7f454c4602010100000000000000000002003e00010000008024400000000000400000000000000048d40300000000000000000040003800090040001b001a000600000005000000400000000000000040004000000000004000400000000000f801000000000000f801000000000000080000000000000003000000040000003802
0e66029132a885143b87b1e49e32663a52737bbff4ab96186e9e5e829aa2915f,1,4d5a90000300000004000000ffff0000b800000000000000400000000000000000000000000000000000000000000000000000000000000000000000e00000000e1fba0e00b409cd21b8014ccd21546869732070726f6772616d2063616e6e6f742062652072756e20696e20444f53206d6f64652e0d0d0a2400000000000000ecfa
8155c6bea7c1112f022e9c70279df6759679295bd4d733f35b6eea6a97d3598f,1,4d5a90000300000004000000ffff0000b800000000000000400000000000000000000000000000000000000000000000000000000000000000000000d80000000e1fba0e00b409cd21b8014ccd21546869732070726f6772616d2063616e6e6f742062652072756e20696e20444f53206d6f64652e0d0d0a2400000000000000f4f2
f3e891a2a39dd948cd85e1c8335a83e640d0987dbd48c16001a02f6b7c1733ae,1,4d5a90000300000004000000ffff0000b800000000000000400000000000000000000000000000000000000000000000000000000000000000000000d80000000e1fba0e00b409cd21b8014ccd21546869732070726f6772616d2063616e6e6f742062652072756e20696e20444f53206d6f64652e0d0d0a2400000000000000f4f2
dd8fe3966ab4d2d6215c63b3ac7abf4673d9c19f2d9f35a6bf247922c642ec2d,1,4d5a90000300000004000000ffff0000b800000000000000400000000000000000000000000000000000000000000000000000000000000000000000d80000000e1fba0e00b409cd21b8014ccd21546869732070726f6772616d2063616e6e6f742062652072756e20696e20444f53206d6f64652e0d0d0a2400000000000000f4f2
13849c0c923bfed5ab37224d59e2d12e3e72f97dc7f539136ae09484cbe8e5e0,1,4d5a90000300000004000000ffff0000b800000000000000400000000000000000000000000000000000000000000000000000000000000000000000200100000e1fba0e00b409cd21b8014ccd21546869732070726f6772616d2063616e6e6f742062652072756e20696e20444f53206d6f64652e0d0d0a2400000000000000ce2f
de9e18413e5d814fd6149e1d59e50542a1997f807046f1be1dab03f82d9a06d0,1,4d5a90000300000004000000ffff0000b800000000000000400000000000000000000000000000000000000000000000000000000000000000000000e00000000e1fba0e00b409cd21b8014ccd21546869732070726f6772616d2063616e6e6f742062652072756e20696e20444f53206d6f64652e0d0d0a2400000000000000d4fd
25e9a40a76b194b5551d30cd6a236ac8ec73e8a26d1ad3528eaf46d8772c642e,1,4d5a90000300000004000000ffff0000b800000000000000400000000000000000000000000000000000000000000000000000000000000000000000800000000e1fba0e00b409cd21b8014ccd21546869732070726f6772616d2063616e6e6f742062652072756e20696e20444f53206d6f64652e0d0d0a24000000000000005045
c7d532184556fd2587d8f765c7e89da8d4ba5664882d894add51f40bf68f3195,1,4d5a90000300000004000000ffff0000b800000000000000400000000000000000000000000000000000000000000000000000000000000000000000800000000e1fba0e00b409cd21b8014ccd21546869732070726f6772616d2063616e6e6f742062652072756e20696e20444f53206d6f64652e0d0d0a24000000000000005045
0545f842ca2eb77bcac0fd17d6d0a8c607d7dbc8669709f3096e5c1828e1c049,1,4d5a90000300000004000000ffff0000b800000000000000400000000000000000000000000000000000000000000000000000000000000000000000e80000000e1fba0e00b409cd21b8014ccd21546869732070726f6772616d2063616e6e6f742062652072756e20696e20444f53206d6f64652e0d0d0a2400000000000000b50f
15a7d528587ffc860f038bb5be5e90b79060fbba5948766d9f8aa46381ccde8a,1,4d5a90000300000004000000ffff0000b800000000000000400000000000000000000000000000000000000000000000000000000000000000000000e00000000e1fba0e00b409cd21b8014ccd21546869732070726f6772616d2063616e6e6f742062652072756e20696e20444f53206d6f64652e0d0d0a2400000000000000ecfa
4b3a396f8230fc87b7fc47aa1d7ed19c78867f3dd43fd570ea93748390be58d5,1,4d5a90000300000004000000ffff0000b800000000000000400000000000000000000000000000000000000000000000000000000000000000000000180100000e1fba0e00b409cd21b8014ccd21546869732070726f6772616d2063616e6e6f742062652072756e20696e20444f53206d6f64652e0d0d0a24000000000000007da2
acad2d9b291b5a9662aa1469f96995dc547a45e391af9c7fa24f5921b0128b2c,1,4d5a90000300000004000000ffff0000b800000000000000400000000000000000000000000000000000000000000000000000000000000000000000e80000000e1fba0e00b409cd21b8014ccd21546869732070726f6772616d2063616e6e6f742062652072756e20696e20444f53206d6f64652e0d0d0a2400000000000000b50f
c8205792fbc0a5efc6b8f0f2257514990bfaa987768c4839d413dd10721e8871,1,4d5a90000300000004000000ffff0000b800000000000000400000000000000000000000000000000000000000000000000000000000000000000000f00000000e1fba0e00b409cd21b8014ccd21546869732070726f6772616d2063616e6e6f742062652072756e20696e20444f53206d6f64652e0d0d0a2400000000000000d37a
f17099383dc37f4b9da1866cda78fe38fd0b60026e0897ffdf588a0acad54873,1,4d5a90000300000004000000ffff0000b800000000000000400000000000000000000000000000000000000000000000000000000000000000000000800000000e1fba0e00b409cd21b8014ccd21546869732070726f6772616d2063616e6e6f742062652072756e20696e20444f53206d6f64652e0d0d0a24000000000000005045
74dcd2e38f2c325256b50f726ee0b9ad33a8fd8f7d918adc16475bcfe9888695,1,4d5a90000300000004000000ffff0000b800000000000000400000000000000000000000000000000000000000000000000000000000000000000000800000000e1fba0e00b409cd21b8014ccd21546869732070726f6772616d2063616e6e6f742062652072756e20696e20444f53206d6f64652e0d0d0a24000000000000005045
bc7a8a1a103aba8623b7cb73a8c32d5a3a9a8550d1a0fabbb1a01a48497ad0fb,1,4d5a90000300000004000000ffff0000b800000000000000400000000000000000000000000000000000000000000000000000000000000000000000e00000000e1fba0e00b409cd21b8014ccd21546869732070726f6772616d2063616e6e6f742062652072756e20696e20444f53206d6f64652e0d0d0a24000000000000000000
7cff1a8ce66bbc1e0d1ee6855576c8bd28a50c19a401263d680542550255f1df,1,4d5a90000300000004000000ffff0000b800000000000000400000000000000000000000000000000000000000000000000000000000000000000000800000000e1fba0e00b409cd21b8014ccd21546869732070726f6772616d2063616e6e6f742062652072756e20696e20444f53206d6f64652e0d0d0a24000000000000005045
470334ed03009413d103e94f6740abb37e4f3d9c78fbe4b21cf15721ccefd456,1,2d2d2d2d2d2d2d2d2d2d2d0a4d5a90000300000004000000ffff0000b800000000000000400000000000000000000000000000000000000000000000000000000000000000000000e00000000e1fba0e00b409cd21b8014ccd21546869732070726f6772616d2063616e6e6f742062652072756e20696e20444f53206d6f64652e0d
f32e9fb8b1ea73f0a71f3edaebb7f2b242e72d2a4826d6b2744ad3d830671202,1,4d5a90000300000004000000ffff0000b800000000000000400000000000000000000000000000000000000000000000000000000000000000000000d80000000e1fba0e00b409cd21b8014ccd21546869732070726f6772616d2063616e6e6f742062652072756e20696e20444f53206d6f64652e0d0d0a2400000000000000f4f2
38d20104c7a2959a06a48a614aaa58b8c87f2118fd51297cb1e37be728b8cdb8,1,4d5a90000300000004000000ffff0000b800000000000000400000000000000000000000000000000000000000000000000000000000000000000000d80000000e1fba0e00b409cd21b8014ccd21546869732070726f6772616d2063616e6e6f742062652072756e20696e20444f53206d6f64652e0d0d0a2400000000000000ad31
17c6f4e45d44bd4c06212139f521976b87ed5a6ddcd0e4e5e978e64dabb3883f,1,4d5a90000300000004000000ffff0000b800000000000000400000000000000000000000000000000000000000000000000000000000000000000000180100000e1fba0e00b409cd21b8014ccd21546869732070726f6772616d2063616e6e6f742062652072756e20696e20444f53206d6f64652e0d0d0a24000000000000007da2
5a627f798dc6c5facab3758e2c83b7ee65edd581bd969fe037ac7296079f6107,1,4d5a90000300000004000000ffff0000b800000000000000400000000000000000000000000000000000000000000000000000000000000000000000800000000e1fba0e00b409cd21b8014ccd21546869732070726f6772616d2063616e6e6f742062652072756e20696e20444f53206d6f64652e0d0d0a24000000000000005045
778eb09cac51aa75b6e3c32e78adfe0e9292af40d0f800fb3ae569198945a9ef,1,4d5a50000200000004000f00ffff0000b80000000000000040001a00000000000000000000000000000000000000000000000000000000000000000000010000ba10000e1fb409cd21b8014ccd219090546869732070726f6772616d206d7573742062652072756e20756e6465722057696e33320d0a243700000000000000000000
4e118330011f38cdfea5cf31514aa5a4c0ba00949505a3708d4c53cdf8799eee,1,4d5a90000300000004000000ffff0000b800000000000000400000000000000000000000000000000000000000000000000000000000000000000000800000000e1fba0e00b409cd21b8014ccd21546869732070726f6772616d2063616e6e6f742062652072756e20696e20444f53206d6f64652e0d0d0a24000000000000005045
e3c2d9bec74f53f2f520792b2a3fbdfe8a18ec41c44b3f1e32df9fd6c843f5aa,1,4d5a90000300000004000000ffff0000b800000000000000400000000000000000000000000000000000000000000000000000000000000000000000800000000e1fba0e00b409cd21b8014ccd21546869732070726f6772616d2063616e6e6f742062652072756e20696e20444f53206d6f64652e0d0d0a24000000000000005045
738afe5c6be2d2ecc78fa69b326459ece0605655d65fa6c01072597bb2de2eec,1,4d5a90000300000004000000ffff0000b800000000000000400000000000000000000000000000000000000000000000000000000000000000000000800000000e1fba0e00b409cd21b8014ccd21546869732070726f6772616d2063616e6e6f742062652072756e20696e20444f53206d6f64652e0d0d0a24000000000000005045
9feed0c7fa8c1d32390e1c168051267df61f11b048ec62aa5b8e66f60e8083af,1,4d5a90000300000004000000ffff0000b800000000000000400000000000000000000000000000000000000000000000000000000000000000000000e80000000e1fba0e00b409cd21b8014ccd21546869732070726f6772616d2063616e6e6f742062652072756e20696e20444f53206d6f64652e0d0d0a2400000000000000b50f
c865a7ab06be29c48092b6078a360b1a2df174e47e1db233e803315648374039,1,4d5a90000300000004000000ffff0000b800000000000000400000000000000000000000000000000000000000000000000000000000000000000000800000000e1fba0e00b409cd21b8014ccd21546869732070726f6772616d2063616e6e6f742062652072756e20696e20444f53206d6f64652e0d0d0a24000000000000005045
e04cdba2c9443b7a859fb328cf19fecd73b6a91d0964b405d56a42ee0721c671,1,4d5a40000100000002000000ffff0000b8000000000000000a000000000000000e1fba0e00b409cd21b8014ccd2157696e3332202e4558452e0d0a2440000000504500004c010300d88f635e0000000000000000e0008e830b01021900e0270000820500000000002f432e0000100000000028000000400000100000000200000500
e3f236e4aeb73f8f8f0caebe46f53abbb2f71fa4b266a34ab50e01933709e877,1,4d5a90000300000004000000ffff0000b800000000000000400000000000000000000000000000000000000000000000000000000000000000000000e00000000e1fba0e00b409cd21b8014ccd21546869732070726f6772616d2063616e6e6f742062652072756e20696e20444f53206d6f64652e0d0d0a2400000000000000d4fd
2ba9fab56458fe832afecf56aae37ff89a8b9a494f3c2570d067d271d3b97045,1,4d5a90000300000004000000ffff0000b800000000000000400000000000000000000000000000000000000000000000000000000000000000000000e80000000e1fba0e00b409cd21b8014ccd21546869732070726f6772616d2063616e6e6f742062652072756e20696e20444f53206d6f64652e0d0d0a2400000000000000b50f
b7c22f9f076c0fa2b22a89accc8bac55fd47f29b6a2dbb200ca8fdcb92f6774e,1,4d5a90000300000004000000ffff0000b800000000000000400000000000000000000000000000000000000000000000000000000000000000000000800000000e1fba0e00b409cd21b8014ccd21546869732070726f6772616d2063616e6e6f742062652072756e20696e20444f53206d6f64652e0d0d0a24000000000000005045
33a837b5654f014f4cb452e7d452e405d9c540f1aac43d9316adfb675acd06f7,1,4d5a90000300000004000000ffff0000b800000000000000400000000000000000000000000000000000000000000000000000000000000000000000800000000e1fba0e00b409cd21b8014ccd21546869732070726f6772616d2063616e6e6f742062652072756e20696e20444f53206d6f64652e0d0d0a24000000000000005045
bcbb1e388759eea5c1fbb4f35c29b6f66f3f4ca4c715bab35c8fc56dcf3fa621,1,4d5a90000300000004000000ffff0000b800000000000000400000000000000000000000000000000000000000000000000000000000000000000000e80000000e1fba0e00b409cd21b8014ccd21546869732070726f6772616d2063616e6e6f742062652072756e20696e20444f53206d6f64652e0d0d0a2400000000000000b50f
256e2bf5f3c819e0add95147b606dc314bbcbac32a801a59584f43a4575e25dc,1,4d5a90000300000004000000ffff0000b800000000000000400000000000000000000000000000000000000000000000000000000000000000000000e00000000e1fba0e00b409cd21b8014ccd21546869732070726f6772616d2063616e6e6f742062652072756e20696e20444f53206d6f64652e0d0d0a2400000000000000d4fd
f19b2ade4ac798da2b579d4d9a92e68c138bdb148f56cd15fd4e5cd866832c4d,1,4d5a90000300000004000000ffff0000b800000000000000400000000000000000000000000000000000000000000000000000000000000000000000800000000e1fba0e00b409cd21b8014ccd21546869732070726f6772616d2063616e6e6f742062652072756e20696e20444f53206d6f64652e0d0d0a24000000000000005045
3c95e4e10cf3ab106c6f08c628e3c8e02335159498d4b5dfe3198ec6902625bc,1,4d5a90000300000004000000ffff0000b800000000000000400000000000000000000000000000000000000000000000000000000000000000000000800000000e1fba0e00b409cd21b8014ccd21546869732070726f6772616d2063616e6e6f742062652072756e20696e20444f53206d6f64652e0d0d0a24000000000000005045
73406e0e7882addf0f810d3bc0e386fd5fd2dd441c895095f4125bb236ae7345,1,4d5a90000300000004000000ffff0000b800000000000000400000000000000000000000000000000000000000000000000000000000000000000000d80000000e1fba0e00b409cd21b8014ccd21546869732070726f6772616d2063616e6e6f742062652072756e20696e20444f53206d6f64652e0d0d0a2400000000000000f4f2
a0db5cff42d0ee0de4d31cff5656ed1acaa6b0afab07d19f9f296d2f72595a56,1,4d5a90000300000004000000ffff0000b800000000000000400000000000000000000000000000000000000000000000000000000000000000000000800000000e1fba0e00b409cd21b8014ccd21546869732070726f6772616d2063616e6e6f742062652072756e20696e20444f53206d6f64652e0d0d0a24000000000000005045
e216372e4328f1cf5cf39a73540b508adc8d777fef90ca77af635c2331deb5cc,1,4d5a90000300000004000000ffff0000b800000000000000400000000000000000000000000000000000000000000000000000000000000000000000e80000000e1fba0e00b409cd21b8014ccd21546869732070726f6772616d2063616e6e6f742062652072756e20696e20444f53206d6f64652e0d0d0a2400000000000000b50f
3018b8fa784daf326cded090cadd01a38f2d170e8703c8a0505bbc578423d64a,1,4d5a90000300000004000000ffff0000b800000000000000400000000000000000000000000000000000000000000000000000000000000000000000800000000e1fba0e00b409cd21b8014ccd21546869732070726f6772616d2063616e6e6f742062652072756e20696e20444f53206d6f64652e0d0d0a24000000000000005045
a08fbf01d02097094b725101309b2bf7fefc2e27724654b840b87e091aa5c9b9,1,4d5a90000300000004000000ffff0000b800000000000000400000000000000000000000000000000000000000000000000000000000000000000000e00000000e1fba0e00b409cd21b8014ccd21546869732070726f6772616d2063616e6e6f742062652072756e20696e20444f53206d6f64652e0d0d0a2400000000000000d4fd
0b856337d9d3255fc3b07635fdadecbe83e23eb5c205eccab83c21c2fb76edc9,1,4d5a90000300000004000000ffff0000b800000000000000400000000000000000000000000000000000000000000000000000000000000000000000e00000000e1fba0e00b409cd21b8014ccd21546869732070726f6772616d2063616e6e6f742062652072756e20696e20444f53206d6f64652e0d0d0a2400000000000000d4fd
58878e55c9db539387d38284b10f13b89251aa153bc3ef196912d89683b19bbf,1,4d5a90000300000004000000ffff0000b800000000000000400000000000000000000000000000000000000000000000000000000000000000000000800000000e1fba0e00b409cd21b8014ccd21546869732070726f6772616d2063616e6e6f742062652072756e20696e20444f53206d6f64652e0d0d0a24000000000000005045
0d38f8bf831f1dbbe9a058930127171f24c3df8dae81e6aa66c430a63cbe0509,1,4d5a90000300000004000000ffff0000b800000000000000400000000000000000000000000000000000000000000000000000000000000000000000800000000e1fba0e00b409cd21b8014ccd21546869732070726f6772616d2063616e6e6f742062652072756e20696e20444f53206d6f64652e0d0d0a24000000000000005045
5b9bae348788cd2a1ce0ba798f9ae9264c662097011adbd44ecfab63a8c4ae28,1,4d5a90000300000004000000ffff0000b800000000000000400000000000000000000000000000000000000000000000000000000000000000000000e00000000e1fba0e00b409cd21b8014ccd21546869732070726f6772616d2063616e6e6f742062652072756e20696e20444f53206d6f64652e0d0d0a2400000000000000d4fd
a03326ac8efa930e10091a374d40ddab9f7c2f12246d6ef7983bad93256f1f3a,1,4d5a90000300000004000000ffff0000b800000000000000400000000000000000000000000000000000000000000000000000000000000000000000e80000000e1fba0e00b409cd21b8014ccd21546869732070726f6772616d2063616e6e6f742062652072756e20696e20444f53206d6f64652e0d0d0a24000000000000004fbd
09e956d140d6879cf7eacbb65dcbfbe1dea1961a31c5d0f834343ef2c886ccc1,1,4d5a90000300000004000000ffff0000b800000000000000400000000000000000000000000000000000000000000000000000000000000000000000080100000e1fba0e00b409cd21b8014ccd21546869732070726f6772616d2063616e6e6f742062652072756e20696e20444f53206d6f64652e0d0d0a2400000000000000bcec
9bca4fe6069de655467e59929325421b93617bccfdf23e9fba02615d36d60881,1,4d5a90000300000004000000ffff0000b800000000000000400000000000000000000000000000000000000000000000000000000000000000000000e80000000e1fba0e00b409cd21b8014ccd21546869732070726f6772616d2063616e6e6f742062652072756e20696e20444f53206d6f64652e0d0d0a2400000000000000b50f
166aed80bc00d55893d777524235bc89680c8c8192762aff186eee89def0062e,1,4d5a90000300000004000000ffff0000b800000000000000400000000000000000000000000000000000000000000000000000000000000000000000e00000000e1fba0e00b409cd21b8014ccd21546869732070726f6772616d2063616e6e6f742062652072756e20696e20444f53206d6f64652e0d0d0a2400000000000000d4fd
8f333c3ccecfc4937f744739c7f1ad67ab53b4a7be5c3d3b675b7a2cff9f3446,1,4d5a90000300000004000000ffff0000b800000000000000400000000000000000000000000000000000000000000000000000000000000000000000e00000000e1fba0e00b409cd21b8014ccd21546869732070726f6772616d2063616e6e6f742062652072756e20696e20444f53206d6f64652e0d0d0a2400000000000000d4fd
69d9dd7fdd88f33e2343fb391ba063a65fe5ffbe649da1c5083ec4a67c525997,1,4d5a90000300000004000000ffff0000b800000000000000400000000000000000000000000000000000000000000000000000000000000000000000e00000000e1fba0e00b409cd21b8014ccd21546869732070726f6772616d2063616e6e6f742062652072756e20696e20444f53206d6f64652e0d0d0a2400000000000000d4fd
4acc0b5ed29adf00916dea7652bcab8012d83d924438a410bee32afbcdb995cc,1,4d5a90000300000004000000ffff0000b800000000000000400000000000000000000000000000000000000000000000000000000000000000000000e00000000e1fba0e00b409cd21b8014ccd21546869732070726f6772616d2063616e6e6f742062652072756e20696e20444f53206d6f64652e0d0d0a2400000000000000d4fd
1b109db549dd0bf64cadafec575b5895690760c7180a4edbf0c5296766162f18,1,4d5a90000300000004000000ffff0000b800000000000000400000000000000000000000000000000000000000000000000000000000000000000000e00000000e1fba0e00b409cd21b8014ccd21546869732070726f6772616d2063616e6e6f742062652072756e20696e20444f53206d6f64652e0d0d0a2400000000000000d4fd
4bb152c96ba9e25f293bbc03c607918a4452231087053a8cb1a8accb1acc92fd,1,4d5a90000300000004000000ffff0000b800000000000000400000000000000000000000000000000000000000000000000000000000000000000000e80000000e1fba0e00b409cd21b8014ccd21546869732070726f6772616d2063616e6e6f742062652072756e20696e20444f53206d6f64652e0d0d0a2400000000000000b50f
d156b525c90036721bad63c7476b643d76e57dc0f8c0f0825d2b8819960195ac,1,4d5a90000300000004000000ffff0000b800000000000000400000000000000000000000000000000000000000000000000000000000000000000000800000000e1fba0e00b409cd21b8014ccd21546869732070726f6772616d2063616e6e6f742062652072756e20696e20444f53206d6f64652e0d0d0a24000000000000005045
6af4e62cb9f8dbc4b2065260d38893b87bd9a6bb59b789af4400f90ae138e111,1,4d5a90000300000004000000ffff0000b800000000000000400000000000000000000000000000000000000000000000000000000000000000000000800000000e1fba0e00b409cd21b8014ccd21546869732070726f6772616d2063616e6e6f742062652072756e20696e20444f53206d6f64652e0d0d0a24000000000000005045
598574420baf514cb32d68ac03f1d46abe8007ed2a25ec00ca81868d040f043e,1,4d5a90000300000004000000ffff0000b800000000000000400000000000000000000000000000000000000000000000000000000000000000000000800000000e1fba0e00b409cd21b8014ccd21546869732070726f6772616d2063616e6e6f742062652072756e20696e20444f53206d6f64652e0d0d0a24000000000000005045
d089d57b8b2b32ee9816338e96680127babc5d08a03150740a8459c29ab3ba78,1,4d5a90000300000004000000ffff0000b800000000000000400000000000000000000000000000000000000000000000000000000000000000000000d80000000e1fba0e00b409cd21b8014ccd21546869732070726f6772616d2063616e6e6f742062652072756e20696e20444f53206d6f64652e0d0d0a2400000000000000f4f2
a98ffa66c07f634d19dc014bb2d63fa808d7af5dc9fb9b33aa19a8b944608816,1,4d5a90000300000004000000ffff0000b800000000000000400000000000000000000000000000000000000000000000000000000000000000000000e80000000e1fba0e00b409cd21b8014ccd21546869732070726f6772616d2063616e6e6f742062652072756e20696e20444f53206d6f64652e0d0d0a2400000000000000b50f
ef3544a7f6356e7b1e9fc115a112305cef7697e0b0fa29a060d5755372b0d263,1,4d5a90000300000004000000ffff0000b800000000000000400000000000000000000000000000000000000000000000000000000000000000000000800000000e1fba0e00b409cd21b8014ccd21546869732070726f6772616d2063616e6e6f742062652072756e20696e20444f53206d6f64652e0d0d0a24000000000000005045
1ef9b4f6b4eb3db7eedf738a78ad15db798d397648b5064990c0a01c0da8a125,1,4d5a90000300000004000000ffff0000b800000000000000400000000000000000000000000000000000000000000000000000000000000000000000e00000000e1fba0e00b409cd21b8014ccd21546869732070726f6772616d2063616e6e6f742062652072756e20696e20444f53206d6f64652e0d0d0a2400000000000000d4fd
17685fa128c7acff236a0587903405b58d8d664b04ebaa49d00e45fc958acc32,1,4d5a90000300000004000000ffff0000b800000000000000400000000000000000000000000000000000000000000000000000000000000000000000e00000000e1fba0e00b409cd21b8014ccd21546869732070726f6772616d2063616e6e6f742062652072756e20696e20444f53206d6f64652e0d0d0a2400000000000000d4fd
5b9e6d9275e9523aa3945be891745442a07b936ee5236e23934250ba3844f65f,1,4d5a90000300000004000000ffff0000b800000000000000400000000000000000000000000000000000000000000000000000000000000000000000180100000e1fba0e00b409cd21b8014ccd21546869732070726f6772616d2063616e6e6f742062652072756e20696e20444f53206d6f64652e0d0d0a24000000000000007da2
c6861032317562532c21e373b88efacdc1307c8a3efce8c8992584171157ebed,1,2d2d2d2d2d2d2d2d2d2d2d0a4d5a90000300000004000000ffff0000b800000000000000400000000000000000000000000000000000000000000000000000000000000000000000800000000e1fba0e00b409cd21b8014ccd21546869732070726f6772616d2063616e6e6f742062652072756e20696e20444f53206d6f64652e0d
d9cecc52046d28ccfd8c5a4d00307af9eebf14c48b6ced4b8da11379e20a0541,1,2d2d2d2d2d2d2d2d2d2d2d0a4d5a90000300000004000000ffff0000b800000000000000400000000000000000000000000000000000000000000000000000000000000000000000e00000000e1fba0e00b409cd21b8014ccd21546869732070726f6772616d2063616e6e6f742062652072756e20696e20444f53206d6f64652e0d
6292c2294ad1e84cd0925c31ee6deb7afd300f935004a9e8a7a43bf80034abae,1,4d5a90000300000004000000ffff0000b800000000000000400000000000000000000000000000000000000000000000000000000000000000000000e00000000e1fba0e00b409cd21b8014ccd21546869732070726f6772616d2063616e6e6f742062652072756e20696e20444f53206d6f64652e0d0d0a2400000000000000d4fd
74b4d14d2d1af6642d5867eb89c277aa02f5e4ac667d87b5aca380f40eabe1bf,1,4d5a90000300000004000000ffff0000b800000000000000400000000000000000000000000000000000000000000000000000000000000000000000180100000e1fba0e00b409cd21b8014ccd21546869732070726f6772616d2063616e6e6f742062652072756e20696e20444f53206d6f64652e0d0d0a24000000000000007da2
25c17a8d5dd9e6ed57504e4d777587e1184f188d55d3d43affe48edbb66b2cc6,1,4d5a90000300000004000000ffff0000b800000000000000400000000000000000000000000000000000000000000000000000000000000000000000800000000e1fba0e00b409cd21b8014ccd21546869732070726f6772616d2063616e6e6f742062652072756e20696e20444f53206d6f64652e0d0d0a24000000000000005045
3f29a368c48b0a851db473a70498e168d59c75b7106002ac533711ca5cfabf89,1,4d5a90000300000004000000ffff0000b800000000000000400000000000000000000000000000000000000000000000000000000000000000000000e00000000e1fba0e00b409cd21b8014ccd21546869732070726f6772616d2063616e6e6f742062652072756e20696e20444f53206d6f64652e0d0d0a2400000000000000d4fd
9aa88ce395cd32b972f79afe6855d74e1071b7a79b6acadeefa2d0c2f6a4530c,1,4d5a90000300000004000000ffff0000b800000000000000400000000000000000000000000000000000000000000000000000000000000000000000d80000000e1fba0e00b409cd21b8014ccd21546869732070726f6772616d2063616e6e6f742062652072756e20696e20444f53206d6f64652e0d0d0a2400000000000000ad31
f2da3d1410c5058720a4307acf5fec7fc2b54285be9dd89eae108cce368dcde7,1,4d5a90000300000004000000ffff0000b800000000000000400000000000000000000000000000000000000000000000000000000000000000000000800000000e1fba0e00b409cd21b8014ccd21546869732070726f6772616d2063616e6e6f742062652072756e20696e20444f53206d6f64652e0d0d0a24000000000000005045
d2a454cbd1d5c2f836b2386338096a3733b4f728717ed8b7bb60e4da07533038,1,4d5a90000300000004000000ffff0000b800000000000000400000000000000000000000000000000000000000000000000000000000000000000000800000000e1fba0e00b409cd21b8014ccd21546869732070726f6772616d2063616e6e6f742062652072756e20696e20444f53206d6f64652e0d0d0a24000000000000005045
33a524ac598d385ff54cc1c07ea15b46397d85f41810debfaf05b0c775b1a5ec,1,4d5a90000300000004000000ffff0000b800000000000000400000000000000000000000000000000000000000000000000000000000000000000000800000000e1fba0e00b409cd21b8014ccd21546869732070726f6772616d2063616e6e6f742062652072756e20696e20444f53206d6f64652e0d0d0a24000000000000005045
6490c1fec33f70d41c8112be2022d5f656c5d060b12db00a8f945938fda2cab5,1,4d5a90000300000004000000ffff0000b800000000000000400000000000000000000000000000000000000000000000000000000000000000000000e00000000e1fba0e00b409cd21b8014ccd21546869732070726f6772616d2063616e6e6f742062652072756e20696e20444f53206d6f64652e0d0d0a24000000000000006cbf
e66f10871a0eb6d279456ad317bcd72a7b9bd3530ea7254a640a43c9a1f640ba,1,4d5a90000300000004000000ffff0000b800000000000000400000000000000000000000000000000000000000000000000000000000000000000000e80000000e1fba0e00b409cd21b8014ccd21546869732070726f6772616d2063616e6e6f742062652072756e20696e20444f53206d6f64652e0d0d0a2400000000000000b50f
4db7eeed852946803c16373a085c1bb5f79b60d2122d6fc9a2703714cdd9dac0,1,4d5a90000300000004000000ffff0000b800000000000000400000000000000000000000000000000000000000000000000000000000000000000000b80000000e1fba0e00b409cd21b8014ccd21546869732070726f6772616d2063616e6e6f742062652072756e20696e20444f53206d6f64652e0d0d0a2400000000000000c3c5
03b8472df4beb797f7674c5bc30c5ab74e8e889729d644eb3e6841b0f488ea95,1,4d5a90000300000004000000ffff0000b800000000000000400000000000000000000000000000000000000000000000000000000000000000000000800000000e1fba0e00b409cd21b8014ccd21546869732070726f6772616d2063616e6e6f742062652072756e20696e20444f53206d6f64652e0d0d0a24000000000000005045
80e8defa5377018b093b5b90de0f2957f7062144c83a09a56bba1fe4eda932ce,1,4d5a90000300000004000000ffff0000b800000000000000400000000000000000000000000000000000000000000000000000000000000000000000800000000e1fba0e00b409cd21b8014ccd21546869732070726f6772616d2063616e6e6f742062652072756e20696e20444f53206d6f64652e0d0d0a24000000000000005045
070b14d38eb14b3a3fab86a7057046df2ae232446effceaa85c8b491efb46506,1,4d5a90000300000004000000ffff0000b800000000000000400000000000000000000000000000000000000000000000000000000000000000000000800000000e1fba0e00b409cd21b8014ccd21546869732070726f6772616d2063616e6e6f742062652072756e20696e20444f53206d6f64652e0d0d0a24000000000000005045
368182caa1e3ab07fa068a56ab17d965428eed0e9d122c520efc0c751e0c4433,1,4d5a90000300000004000000ffff0000b800000000000000400000000000000000000000000000000000000000000000000000000000000000000000e00000000e1fba0e00b409cd21b8014ccd21546869732070726f6772616d2063616e6e6f742062652072756e20696e20444f53206d6f64652e0d0d0a2400000000000000d4fd
144d9d3f33901d2dc11139487390ccbe3b1672985005e75d881e14a017cb821c,1,4d5a90000300000004000000ffff0000b800000000000000400000000000000000000000000000000000000000000000000000000000000000000000800000000e1fba0e00b409cd21b8014ccd21546869732070726f6772616d2063616e6e6f742062652072756e20696e20444f53206d6f64652e0d0d0a24000000000000005045
07a3dcb8d9b062fb480692fa33d12da05c21f544492cbaf9207956ac647ba9ae,1,4d5a90000300000004000000ffff0000b800000000000000400000000000000000000000000000000000000000000000000000000000000000000000b80000000e1fba0e00b409cd21b8014ccd21546869732070726f6772616d2063616e6e6f742062652072756e20696e20444f53206d6f64652e0d0d0a2400000000000000c3c5
a0ad4cc0041d5d8de8584b495d98ce46987ed8834d027c01d048da3aa7fb67fe,1,4d5a90000300000004000000ffff0000b800000000000000400000000000000000000000000000000000000000000000000000000000000000000000780100000e1fba0e00b409cd21b8014ccd21546869732070726f6772616d2063616e6e6f742062652072756e20696e20444f53206d6f64652e0d0d0a240000000000000086b6
2c57fcd4d2732ca0d8ee4b724b49aa38061ca3de504c0c0af1ad144b638c413a,1,2d2d2d2d2d2d2d2d2d2d2d0a4d5a90000300000004000000ffff0000b800000000000000400000000000000000000000000000000000000000000000000000000000000000000000e00000000e1fba0e00b409cd21b8014ccd21546869732070726f6772616d2063616e6e6f742062652072756e20696e20444f53206d6f64652e0d
8a64749236a97391d53971a208bc1dc56f49821be37f23925f1f427bdcc8b18e,1,4d5a90000300000004000000ffff0000b800000000000000400000000000000000000000000000000000000000000000000000000000000000000000800000000e1fba0e00b409cd21b8014ccd21546869732070726f6772616d2063616e6e6f742062652072756e20696e20444f53206d6f64652e0d0d0a24000000000000005045
ffbb6c4d8d704a530bdd557890f367ad904c09c03f53fda5615a7208a0ea3e4d,1,4d5a50000200000004000f00ffff0000b80000000000000040001a00000000000000000000000000000000000000000000000000000000000000000000010000ba10000e1fb409cd21b8014ccd219090546869732070726f6772616d206d7573742062652072756e20756e6465722057696e33320d0a243700000000000000000000
e80579baf175626787070bf61f75b4b810eb9d9bdb653972ad40797ee5ff82cc,1,4d5a50000200000004000f00ffff0000b80000000000000040001a00000000000000000000000000000000000000000000000000000000000000000000010000ba10000e1fb409cd21b8014ccd219090546869732070726f6772616d206d7573742062652072756e20756e6465722057696e33320d0a243700000000000000000000
9bc98d15f243257c1b5bca59464abe68c680cd5482ba9f5082201dde41a016cf,1,4d5a90000300000004000000ffff0000b800000000000000400000000000000000000000000000000000000000000000000000000000000000000000080100000e1fba0e00b409cd21b8014ccd21546869732070726f6772616d2063616e6e6f742062652072756e20696e20444f53206d6f64652e0d0d0a2400000000000000bcec
bb10d4f256fabc06bb9a6a281415044575c79c231891ccf2fa1487b4c4001472,1,4d5a90000300000004000000ffff0000b800000000000000400000000000000000000000000000000000000000000000000000000000000000000000800000000e1fba0e00b409cd21b8014ccd21546869732070726f6772616d2063616e6e6f742062652072756e20696e20444f53206d6f64652e0d0d0a24000000000000005045
0f178bc093b6b9d25924a85d9a7dde64592215599733e83e3bbc6df219564335,1,4d5a90000300000004000000ffff0000b800000000000000400000000000000000000000000000000000000000000000000000000000000000000000e00000000e1fba0e00b409cd21b8014ccd21546869732070726f6772616d2063616e6e6f742062652072756e20696e20444f53206d6f64652e0d0d0a2400000000000000d4fd
9a34909703d679b590d316eb403e12e26f73c8e479812f1d346dcba47b44bc6e,1,4d5a90000300000004000000ffff0000b800000000000000400000000000000000000000000000000000000000000000000000000000000000000000800000000e1fba0e00b409cd21b8014ccd21546869732070726f6772616d2063616e6e6f742062652072756e20696e20444f53206d6f64652e0d0d0a24000000000000005045
a56b41a6023f828cccaaef470874571d169fdb8f683a75edd430fbd31a2c3f6e,1,4d5a90000300000004000000ffff0000b800000000000000400000000000000000000000000000000000000000000000000000000000000000000000800000000e1fba0e00b409cd21b8014ccd21546869732070726f6772616d2063616e6e6f742062652072756e20696e20444f53206d6f64652e0d0d0a24000000000000005045
c920b2de025019e9a406e9b2f0ac2cbbfc18d65eac15f59ca8921c5fb4bfa240,1,4d5a50000200000004000f00ffff0000b80000000000000040001a00000000000000000000000000000000000000000000000000000000000000000000010000ba10000e1fb409cd21b8014ccd219090546869732070726f6772616d206d7573742062652072756e20756e6465722057696e33320d0a243700000000000000000000
55fa1b0d84a6334be873b2e099104b1302af0f1e58f50380685809731dba329f,1,4d5a90000300000004000000ffff0000b800000000000000400000000000000000000000000000000000000000000000000000000000000000000000800000000e1fba0e00b409cd21b8014ccd21546869732070726f6772616d2063616e6e6f742062652072756e20696e20444f53206d6f64652e0d0d0a24000000000000005045
c6e5a9f39bfc6dc46c2eb7a786948e9d111ddbec5e157c8081f7c22b7d6b3c78,1,4d5a90000300000004000000ffff0000b800000000000000400000000000000000000000000000000000000000000000000000000000000000000000e80000000e1fba0e00b409cd21b8014ccd21546869732070726f6772616d2063616e6e6f742062652072756e20696e20444f53206d6f64652e0d0d0a24000000000000006aca
b1a4803fc0386cd589cda5994c71b1241d19846f0ee2caa3589770b100de6995,1,4d5a90000300000004000000ffff0000b800000000000000400000000000000000000000000000000000000000000000000000000000000000000000800000000e1fba0e00b409cd21b8014ccd21546869732070726f6772616d2063616e6e6f742062652072756e20696e20444f53206d6f64652e0d0d0a24000000000000005045
2d7f7cbe7107efb76e4f8492b6648911fc60cff962fd1dbdcae2bf3d51d506cd,1,4d5a90000300000004000000ffff0000b800000000000000400000000000000000000000000000000000000000000000000000000000000000000000800000000e1fba0e00b409cd21b8014ccd21546869732070726f6772616d2063616e6e6f742062652072756e20696e20444f53206d6f64652e0d0d0a24000000000000005045
c5436a9e17f35d2dcc91ba9eab2efe530520995e9022723d3e1c37cd95482e53,1,4d5a90000300000004000000ffff0000b800000000000000400000000000000000000000000000000000000000000000000000000000000000000000800000000e1fba0e00b409cd21b8014ccd21546869732070726f6772616d2063616e6e6f742062652072756e20696e20444f53206d6f64652e0d0d0a24000000000000005045
bb5ffdb586a1f63840fffeb6840fcf5fd182d4fb448db48856d63ddea5572daa,1,4d5a90000300000004000000ffff0000b800000000000000400000000000000000000000000000000000000000000000000000000000000000000000800000000e1fba0e00b409cd21b8014ccd21546869732070726f6772616d2063616e6e6f742062652072756e20696e20444f53206d6f64652e0d0d0a24000000000000005045
58260a6687486e39dc46461270b391280b7d59997d84b6639230d95e3bdfca23,1,4d5a90000300000004000000ffff0000b800000000000000400000000000000000000000000000000000000000000000000000000000000000000000800000000e1fba0e00b409cd21b8014ccd21546869732070726f6772616d2063616e6e6f742062652072756e20696e20444f53206d6f64652e0d0d0a24000000000000005045
bdc2801e747ee4dd2b50b1ecd3fa3eb53b6c8101ec37eff8d18e485a7f4a7bd0,1,4d5a90000300000004000000ffff0000b800000000000000400000000000000000000000000000000000000000000000000000000000000000000000e80000000e1fba0e00b409cd21b8014ccd21546869732070726f6772616d2063616e6e6f742062652072756e20696e20444f53206d6f64652e0d0d0a2400000000000000b50f
655327a722697f006fee04e428326ecc12a6b4e78d1f67fb312ca6b765a4ac88,1,4d5a90000300000004000000ffff0000b800000000000000400000000000000000000000000000000000000000000000000000000000000000000000800000000e1fba0e00b409cd21b8014ccd21546869732070726f6772616d2063616e6e6f742062652072756e20696e20444f53206d6f64652e0d0d0a24000000000000005045
5fd2ed05dd1ebd2a71b1c1f498230f160936ab70f8c13f59b727e8ad47638e7b,1,4d5a90000300000004000000ffff0000b800000000000000400000000000000000000000000000000000000000000000000000000000000000000000800000000e1fba0e00b409cd21b8014ccd21546869732070726f6772616d2063616e6e6f742062652072756e20696e20444f53206d6f64652e0d0d0a24000000000000005045
506f3b12853375a1fbbf85c82ddf13341cf941c5acd4a39a51d6addf145a7a51,1,4d5a90000300000004000000ffff0000b800000000000000400000000000000000000000000000000000000000000000000000000000000000000000800000000e1fba0e00b409cd21b8014ccd21546869732070726f6772616d2063616e6e6f742062652072756e20696e20444f53206d6f64652e0d0d0a24000000000000005045
eaf551c00787c2639d734ab13963da1a2cb48e58fb172469563f6718658a1147,1,4d5a90000300000004000000ffff0000b800000000000000400000000000000000000000000000000000000000000000000000000000000000000000800000000e1fba0e00b409cd21b8014ccd21546869732070726f6772616d2063616e6e6f742062652072756e20696e20444f53206d6f64652e0d0d0a24000000000000005045
fc720ba95ab46e6a5f9fd7f6b1f240cd9b29cd96f6cb075f0459fac230f7de94,1,4d5a90000300000004000000ffff0000b800000000000000400000000000000000000000000000000000000000000000000000000000000000000000e80000000e1fba0e00b409cd21b8014ccd21546869732070726f6772616d2063616e6e6f742062652072756e20696e20444f53206d6f64652e0d0d0a2400000000000000b50f
90f3a33919fdd766e90fd96f8f20a92c2d1376b7cfdc8b738c2f8e7e6c7498b1,1,3c68746d6c3e3c686561643e3c6d65746120687474702d65717569763d22436f6e74656e742d547970652220636f6e74656e743d22746578742f68746d6c3b20636861727365743d7574662d3822202f3e3c6d65746120687474702d65717569763d22782d75612d636f6d70617469626c652220636f6e74656e743d2269653d3922
ade8840097f2e4d6eff2ca64c4a0619e8091638da535eb0f04847d8433526521,1,2d2d2d2d2d2d2d2d2d2d2d0a4d5a90000300000004000000ffff0000b800000000000000400000000000000000000000000000000000000000000000000000000000000000000000e00000000e1fba0e00b409cd21b8014ccd21546869732070726f6772616d2063616e6e6f742062652072756e20696e20444f53206d6f64652e0d
b68595e671fa9532ceaf2267c86a839d12eca146af0f2459a339c02a9fe2c198,1,4d5a90000300000004000000ffff0000b800000000000000400000000000000000000000000000000000000000000000000000000000000000000000800000000e1fba0e00b409cd21b8014ccd21546869732070726f6772616d2063616e6e6f742062652072756e20696e20444f53206d6f64652e0d0d0a24000000000000005045
ed37bb51af01647fde0a5b04a401fd278eba50cf2d5d0678f86227d27aecbc62,1,4d5a90000300000004000000ffff0000b800000000000000400000000000000000000000000000000000000000000000000000000000000000000000e00000000e1fba0e00b409cd21b8014ccd21546869732070726f6772616d2063616e6e6f742062652072756e20696e20444f53206d6f64652e0d0d0a2400000000000000ff93
ce8559871b410e23057393eb2d9fb76ec902da2ff1f8006ad312c81852a41f6f,1,4d5a90000300000004000000ffff0000b800000000000000400000000000000000000000000000000000000000000000000000000000000000000000e00000000e1fba0e00b409cd21b8014ccd21546869732070726f6772616d2063616e6e6f742062652072756e20696e20444f53206d6f64652e0d0d0a2400000000000000d4fd
af9de3e99a1be21dad4ef13ffdeddc20ecd043e60253a93da01adfa652ab073a,1,4d5a90000300000004000000ffff0000b800000000000000400000000000000000000000000000000000000000000000000000000000000000000000e00000000e1fba0e00b409cd21b8014ccd21546869732070726f6772616d2063616e6e6f742062652072756e20696e20444f53206d6f64652e0d0d0a2400000000000000d4fd
5291061b8f1588337fce66d8510a059260e44d9bd7628fd13c35f6f3e5757657,1,4d5a90000300000004000000ffff0000b800000000000000400000000000000000000000000000000000000000000000000000000000000000000000800000000e1fba0e00b409cd21b8014ccd21546869732070726f6772616d2063616e6e6f742062652072756e20696e20444f53206d6f64652e0d0d0a24000000000000005045
36446a57a54aba2517efca37eedd77c89dfc06e056369eac32397e8679660ff7,1,4d5a90000300000004000000ffff0000b800000000000000400000000000000000000000000000000000000000000000000000000000000000000000800000000e1fba0e00b409cd21b8014ccd21546869732070726f6772616d2063616e6e6f742062652072756e20696e20444f53206d6f64652e0d0d0a24000000000000005045
26b6a9fecfc9d4b4b2c2ff02885b257721687e6b820f72cf2e66c1cae2675739,1,4d5a90000300000004000000ffff0000b800000000000000400000000000000000000000000000000000000000000000000000000000000000000000e00000000e1fba0e00b409cd21b8014ccd21546869732070726f6772616d2063616e6e6f742062652072756e20696e20444f53206d6f64652e0d0d0a2400000000000000d4fd
0a937d4fe8aa6cb947b95841c490d73e452a3cafcd92645afc353006786aba76,1,4d5a90000300000004000000ffff0000b800000000000000400000000000000000000000000000000000000000000000000000000000000000000000e00000000e1fba0e00b409cd21b8014ccd21546869732070726f6772616d2063616e6e6f742062652072756e20696e20444f53206d6f64652e0d0d0a2400000000000000d4fd
b3faf5d8cbc3c75d4c3897851fdaf8d7a4bd774966b4c25e0e4617546109aed5,1,4d5a90000300000004000000ffff0000b800000000000000400000000000000000000000000000000000000000000000000000000000000000000000d80000000e1fba0e00b409cd21b8014ccd21546869732070726f6772616d2063616e6e6f742062652072756e20696e20444f53206d6f64652e0d0d0a2400000000000000f4f2
bb9e5239c6823718b3bcbf5abac70447ef6f320744bb7a55c9b675b9f9abadf2,1,4d5a90000300000004000000ffff0000b800000000000000400000000000000000000000000000000000000000000000000000000000000000000000e80000000e1fba0e00b409cd21b8014ccd21546869732070726f6772616d2063616e6e6f742062652072756e20696e20444f53206d6f64652e0d0d0a2400000000000000c975
d5ea463e0719ee2d1705ff305cdd8529bd2ff23dde79c502c4f478937a91f874,1,4d5a90000300000004000000ffff0000b800000000000000400000000000000000000000000000000000000000000000000000000000000000000000e80000000e1fba0e00b409cd21b8014ccd21546869732070726f6772616d2063616e6e6f742062652072756e20696e20444f53206d6f64652e0d0d0a2400000000000000c975
ce83e10f6207b168621215f7b21c6ee781d130cc5e72b4a47d9d3c4478034cfb,1,4d5a90000300000004000000ffff0000b800000000000000400000000000000000000000000000000000000000000000000000000000000000000000800000000e1fba0e00b409cd21b8014ccd21546869732070726f6772616d2063616e6e6f742062652072756e20696e20444f53206d6f64652e0d0d0a24000000000000005045
72eca9b553b8af813dd3177e2f70c1c0f4950b532ef25f2c229c10a4a823d56b,1,4d5a90000300000004000000ffff0000b800000000000000400000000000000000000000000000000000000000000000000000000000000000000000e00000000e1fba0e00b409cd21b8014ccd21546869732070726f6772616d2063616e6e6f742062652072756e20696e20444f53206d6f64652e0d0d0a2400000000000000d4fd
643e6e51e42a4274005b853efc80ad54e8f6c8aa113cf415fb8bdebcc7399b84,1,4d5a90000300000004000000ffff0000b800000000000000400000000000000000000000000000000000000000000000000000000000000000000000800000000e1fba0e00b409cd21b8014ccd21546869732070726f6772616d2063616e6e6f742062652072756e20696e20444f53206d6f64652e0d0d0a24000000000000005045
d25116f1fe5c9a22fcf73c4c7358f93f1ad445bb9a602d18ff69f8fa29d0be0f,1,4d5a90000300000004000000ffff0000b800000000000000400000000000000000000000000000000000000000000000000000000000000000000000180100000e1fba0e00b409cd21b8014ccd21546869732070726f6772616d2063616e6e6f742062652072756e20696e20444f53206d6f64652e0d0d0a24000000000000007da2
0e46cf8e96321df65d854729cc7c79e4f2cb25ef19c56fdcbb0224cc5403425d,1,4d5a90000300000004000000ffff0000b800000000000000400000000000000000000000000000000000000000000000000000000000000000000000800000000e1fba0e00b409cd21b8014ccd21546869732070726f6772616d2063616e6e6f742062652072756e20696e20444f53206d6f64652e0d0d0a24000000000000005045
a0085da4a920e92d8f59fefa6f25551655ca911382b5e34df76a9333ac8b7214,1,4d5a90000300000004000000ffff0000b800000000000000400000000000000000000000000000000000000000000000000000000000000000000000e00000000e1fba0e00b409cd21b8014ccd21546869732070726f6772616d2063616e6e6f742062652072756e20696e20444f53206d6f64652e0d0d0a2400000000000000d4fd
e744d7db65387f871df5fc0c21e624d028a68763031fe68929f3d3d22f860a49,1,4d5a90000300000004000000ffff0000b800000000000000400000000000000000000000000000000000000000000000000000000000000000000000800000000e1fba0e00b409cd21b8014ccd21546869732070726f6772616d2063616e6e6f742062652072756e20696e20444f53206d6f64652e0d0d0a24000000000000005045
1e3bf358c76f4030ffc4437d5fcd80c54bd91b361abb43a4fa6340e62d986770,1,4d5a90000300000004000000ffff0000b800000000000000400000000000000000000000000000000000000000000000000000000000000000000000e00000000e1fba0e00b409cd21b8014ccd21546869732070726f6772616d2063616e6e6f742062652072756e20696e20444f53206d6f64652e0d0d0a2400000000000000d4fd
3b52db44c2cdd8adfacb906362837ed449e96fcf761de4b1f26388b66b6edabe,1,4d5a90000300000004000000ffff0000b800000000000000400000000000000000000000000000000000000000000000000000000000000000000000e80000000e1fba0e00b409cd21b8014ccd21546869732070726f6772616d2063616e6e6f742062652072756e20696e20444f53206d6f64652e0d0d0a2400000000000000c975
f41539f4af7bd9035ce7ea0ea3d3f467f8201273fd9de006e382dd2d811b047b,1,4d5a90000300000004000000ffff0000b800000000000000400000000000000000000000000000000000000000000000000000000000000000000000800000000e1fba0e00b409cd21b8014ccd21546869732070726f6772616d2063616e6e6f742062652072756e20696e20444f53206d6f64652e0d0d0a24000000000000005045
6f298bdb5dbb71a11f826d3501f5bd7ac14f80ba02bffa585dfde1c5ac589082,1,4d5a90000300000004000000ffff0000b800000000000000400000000000000000000000000000000000000000000000000000000000000000000000e00000000e1fba0e00b409cd21b8014ccd21546869732070726f6772616d2063616e6e6f742062652072756e20696e20444f53206d6f64652e0d0d0a24000000000000005b0c
3700508b6f990f67a03c6de3fea7a84de96e279b9d4c7d0a7750f965cbc08a60,1,4d5a90000300000004000000ffff0000b800000000000000400000000000000000000000000000000000000000000000000000000000000000000000800000000e1fba0e00b409cd21b8014ccd21546869732070726f6772616d2063616e6e6f742062652072756e20696e20444f53206d6f64652e0d0d0a24000000000000005045
562ef0397e8235203d8419d609b678fa5d6874ae2212c2845e5f62a257a5bb1b,1,4d5a90000300000004000000ffff0000b800000000000000400000000000000000000000000000000000000000000000000000000000000000000000800000000e1fba0e00b409cd21b8014ccd21546869732070726f6772616d2063616e6e6f742062652072756e20696e20444f53206d6f64652e0d0d0a24000000000000005045
ef83d8a098634782ca31120b4e6c976f61af2115792fca63f07a9e8f292cc4ab,1,4d5a90000300000004000000ffff0000b800000000000000400000000000000000000000000000000000000000000000000000000000000000000000800000000e1fba0e00b409cd21b8014ccd21546869732070726f6772616d2063616e6e6f742062652072756e20696e20444f53206d6f64652e0d0d0a24000000000000005045
a1360645cf3113715cc023d2e4cf9f6f3a6278abcf4499f0ba7cd76c82839eb0,1,4d5a90000300000004000000ffff0000b800000000000000400000000000000000000000000000000000000000000000000000000000000000000000e00000000e1fba0e00b409cd21b8014ccd21546869732070726f6772616d2063616e6e6f742062652072756e20696e20444f53206d6f64652e0d0d0a2400000000000000d4fd
02e614c8577ef1d9dc490fd3bda46612d0da56ec1a832caba890041025b1a2f7,1,4d5a90000300000004000000ffff0000b800000000000000400000000000000000000000000000000000000000000000000000000000000000000000800000000e1fba0e00b409cd21b8014ccd21546869732070726f6772616d2063616e6e6f742062652072756e20696e20444f53206d6f64652e0d0d0a24000000000000005045
0f5d71496ab540c3395cfc024778a7ac5c6b5418f165cc753ea2b2befbd42d51,1,4d5a90000300000004000000ffff0000b800000000000000400000000000000000000000000000000000000000000000000000000000000000000000e00000000e1fba0e00b409cd21b8014ccd21546869732070726f6772616d2063616e6e6f742062652072756e20696e20444f53206d6f64652e0d0d0a2400000000000000ecfa
52e51750366b0a81b1d4662c9aeaba79e94a36586c727cf0f48a6aacd6b7025c,1,4d5a90000300000004000000ffff0000b800000000000000400000000000000000000000000000000000000000000000000000000000000000000000800000000e1fba0e00b409cd21b8014ccd21546869732070726f6772616d2063616e6e6f742062652072756e20696e20444f53206d6f64652e0d0d0a24000000000000005045
ec88f821d22e5553afb94b4834f91ecdedeb27d9ebfd882a7d8f33b5f12ac38d,1,4d5a90000300000004000000ffff0000b800000000000000400000000000000000000000000000000000000000000000000000000000000000000000f00000000e1fba0e00b409cd21b8014ccd21546869732070726f6772616d2063616e6e6f742062652072756e20696e20444f53206d6f64652e0d0d0a2400000000000000ece2
de3c8e586f4e8ddf05b2398d8c96c50bb256ba2d7a861f6567b24ac0471bddf7,1,4d5a90000300000004000000ffff0000b800000000000000400000000000000000000000000000000000000000000000000000000000000000000000800000000e1fba0e00b409cd21b8014ccd21546869732070726f6772616d2063616e6e6f742062652072756e20696e20444f53206d6f64652e0d0d0a24000000000000005045
44deff9f627fb57a5150b5ae96961a525958106fc8d13d7edbaf0f074dc3b8c0,1,4d5a90000300000004000000ffff0000b800000000000000400000000000000000000000000000000000000000000000000000000000000000000000d80000000e1fba0e00b409cd21b8014ccd21546869732070726f6772616d2063616e6e6f742062652072756e20696e20444f53206d6f64652e0d0d0a24000000000000000000
410c884d883ebe2172507b5eadd10bc8a2ae2564ba0d33b1e84e5f3c22bd3677,1,4d5a90000300000004000000ffff0000b800000000000000400000000000000000000000000000000000000000000000000000000000000000000000e00000000e1fba0e00b409cd21b8014ccd21546869732070726f6772616d2063616e6e6f742062652072756e20696e20444f53206d6f64652e0d0d0a2400000000000000d4fd
f6d2349b05292993e4c0b45019c46d2b188c058ff864ba11d6c3fad789083c05,1,4d5a90000300000004000000ffff0000b800000000000000400000000000000000000000000000000000000000000000000000000000000000000000e00000000e1fba0e00b409cd21b8014ccd21546869732070726f6772616d2063616e6e6f742062652072756e20696e20444f53206d6f64652e0d0d0a2400000000000000d4fd
786a4475e703e5c8d3d5cf05ca7071c579f856a1eb9afb3e4df359e7932b7170,1,4d5a90000300000004000000ffff0000b800000000000000400000000000000000000000000000000000000000000000000000000000000000000000e80000000e1fba0e00b409cd21b8014ccd21546869732070726f6772616d2063616e6e6f742062652072756e20696e20444f53206d6f64652e0d0d0a2400000000000000b50f
95739e350d7f2aca2c609768ee72ad67fcf05efca5c7ad8df3027c82b9c454cf,1,4d5a90000300000004000000ffff0000b800000000000000400000000000000000000000000000000000000000000000000000000000000000000000e80000000e1fba0e00b409cd21b8014ccd21546869732070726f6772616d2063616e6e6f742062652072756e20696e20444f53206d6f64652e0d0d0a2400000000000000c975
00260c390ffab5734208a7199df0e4229a76261c3f5b7264c4515acb8eb9c2f8,1,4d5a90000300000004000000ffff0000b800000000000000400000000000000000000000000000000000000000000000000000000000000000000000d80000000e1fba0e00b409cd21b8014ccd21546869732070726f6772616d2063616e6e6f742062652072756e20696e20444f53206d6f64652e0d0d0a2400000000000000f4f2
3407f26b3d69f1dfce76782fee1256274cf92f744c65aa1ff2d3eaaaf61b0b1d,1,4d5a90000300000004000000ffff0000b800000000000000400000000000000000000000000000000000000000000000000000000000000000000000b80000000e1fba0e00b409cd21b8014ccd21546869732070726f6772616d2063616e6e6f742062652072756e20696e20444f53206d6f64652e0d0d0a2400000000000000c3c5
bf3ebc294870a6e743f021f4e18be75810149a1004b8d7c8a1e91f35562db3f5,1,504b03041400000000006a9a8b560000000000000000000000000900000074656d702f3737372f504b0304140000000800ba82745641e5dea246bf0100501e03001800000074656d702f3737372f6c6f636b65725f41417263685f3634ac997b7414559ec76f757527204f150181211dc20803c81bcc0595228d0982f248320abe92
0be6f1e927f973df35dad6fc661048236d46879ad59f824233d757ec6e722bde,1,cffaedfe0c000001000000000200000011000000f8060000850020000000000019000000480000005f5f504147455a45524f00000000000000000000000000000000000001000000000000000000000000000000000000000000000000000000000000000000000019000000780200005f5f54455854000000000000000000000000
3320f11728458d01eef62e10e48897ec1c2277c1fe1aa2d471a16b4dccfc1207,1,4d5a90000300000004000000ffff0000b800000000000000400000000000000000000000000000000000000000000000000000000000000000000000000100000e1fba0e00b409cd21b8014ccd21546869732070726f6772616d2063616e6e6f742062652072756e20696e20444f53206d6f64652e0d0d0a24000000000000001bc3
dd2f458a29b666bbfe5a5dbf6a36c906d0140e0ae15b599e8b4da1863e7e41ff,1,4d5a90000300000004000000ffff0000b800000000000000400000000000000000000000000000000000000000000000000000000000000000000000100100000e1fba0e00b409cd21b8014ccd21546869732070726f6772616d2063616e6e6f742062652072756e20696e20444f53206d6f64652e0d0d0a2400000000000000825a
389e03b1a1fd1c527d48df74d3c26a0483a5b105f36841193172f1ee80e62c1b,1,4d5a90000300000004000000ffff0000b800000000000000400000000000000000000000000000000000000000000000000000000000000000000000f80000000e1fba0e00b409cd21b8014ccd21546869732070726f6772616d2063616e6e6f742062652072756e20696e20444f53206d6f64652e0d0d0a2400000000000000fbab
3d94c4a92382c5c45062d8ea0517be4011be8ba42e9c9a614a99327d0ebdf05b,1,4d5a90000300000004000000ffff0000b800000000000000400000000000000000000000000000000000000000000000000000000000000000000000f80000000e1fba0e00b409cd21b8014ccd21546869732070726f6772616d2063616e6e6f742062652072756e20696e20444f53206d6f64652e0d0d0a2400000000000000fbab
220c50ccf6a9d9727e9f442df42469f027d9f7a2ea833319971746280023bb0c,1,4d5a90000300000004000000ffff0000b800000000000000400000000000000000000000000000000000000000000000000000000000000000000000080100000e1fba0e00b409cd21b8014ccd21546869732070726f6772616d2063616e6e6f742062652072756e20696e20444f53206d6f64652e0d0d0a240000000000000010c7
15f9ed36d9efc6e570b4f506791ce2c6a849853e2f6d587f30fb12d39dba2649,1,4d5a90000300000004000000ffff0000b800146300000000c58000000000000000000000000000000000000000000000000000000000000000000000100100000e1fba0e00b409cd21b8014ccd21546869732070726f6772616d2063616e6e6f742062652072756e20696e20444f53206d6f64652e0d0d0a2400000000000000b556
46cd508b7e77bb2c1d47f7fef0042a13c516f8163f9373ef9dfac180131c65ed,1,4d5a90000300000004000000ffff0000b800000000000000400000000000000000000000000000000000000000000000000000000000000000000000100100000e1fba0e00b409cd21b8014ccd21546869732070726f6772616d2063616e6e6f742062652072756e20696e20444f53206d6f64652e0d0d0a2400000000000000825a
d21908dc0c08da389aa9e4829aa934ab7f250fece1430ed5a644e0590d8876f7,1,4d5a90000300000004000000ffff0000b800000000000000400000000000000000000000000000000000000000000000000000000000000000000000000100000e1fba0e00b409cd21b8014ccd21546869732070726f6772616d2063616e6e6f742062652072756e20696e20444f53206d6f64652e0d0d0a240000000000000077bd
040fcbd360c7498756519cb0e687120bd623da80784034ea89178409491b1c44,1,4d5a90000300000004000000ffff0000b800000000000000400000000000000000000000000000000000000000000000000000000000000000000000d80000000e1fba0e00b409cd21b8014ccd21546869732070726f6772616d2063616e6e6f742062652072756e20696e20444f53206d6f64652e0d0d0a2400000000000000dd9d
0b0b902af452e1c949a609a3b29a9de21dac639846c77427de06e6e63c1fe904,1,4d5a90000300000004000000ffff0000b800000000000000400000000000000000000000000000000000000000000000000000000000000000000000f00000000e1fba0e00b409cd21b8014ccd21546869732070726f6772616d2063616e6e6f742062652072756e20696e20444f53206d6f64652e0d0d0a24000000000000009853
004ede55a972e10d9a21bcf338b4907d6eed65bf5ad6abbbd5aec7d8484bdedf,1,4d5a90000300000004000000ffff0000b800000000000000400000000000000000000000000000000000000000000000000000000000000000000000e00000000e1fba0e00b409cd21b8014ccd21546869732070726f6772616d2063616e6e6f742062652072756e20696e20444f53206d6f64652e0d0d0a240000000000000053ed
03b9c7a3b73f15dfc2dcb0b74f3e971fdda7d1d1e2010c6d1861043f90a2fecd,1,4d5a90000300000004000000ffff0000b800000000000000400000000000000000000000000000000000000000000000000000000000000000000000c80000000e1fba0e00b409cd21b8014ccd21546869732070726f6772616d2063616e6e6f742062652072756e20696e20444f53206d6f64652e0d0d0a240000000000000085f6
05c8aaae3fb6c9605f5c69f8eb73cc2c1f08bd72213492e24f221a2ef60508a3,1,4d5a90000300000004000000ffff0000b800000000000000400000000000000000000000000000000000000000000000000000000000000000000000180100000e1fba0e00b409cd21b8014ccd21546869732070726f6772616d2063616e6e6f742062652072756e20696e20444f53206d6f64652e0d0d0a240000000000000072e6
0460cfa76fb0a02be92b0bc99a09168ebe38dbc8eeb1aa966dca66f0e849b53d,1,4d5a90000300000004000000ffff0000b800000000000000400000000000000000000000000000000000000000000000000000000000000000000000000100000e1fba0e00b409cd21b8014ccd21546869732070726f6772616d2063616e6e6f742062652072756e20696e20444f53206d6f64652e0d0d0a2400000000000000c987
1125cdabe2e146734ffc13137f23901377509408c4531ea17fcb99d6666815f0,1,4d5a90000300000004000000ffff0000b800000000000000400000000000000000000000000000000000000000000000000000000000000000000000000100000e1fba0e00b409cd21b8014ccd21546869732070726f6772616d2063616e6e6f742062652072756e20696e20444f53206d6f64652e0d0d0a2400000000000000cf50
03597628e999d791f4cc442328024235db9a929467a62ef0a00c91a76161f0e1,1,4d5a90000300000004000000ffff0000b800000000000000400000000000000000000000000000000000000000000000000000000000000000000000180100000e1fba0e00b409cd21b8014ccd21546869732070726f6772616d2063616e6e6f742062652072756e20696e20444f53206d6f64652e0d0d0a240000000000000072e6
0fd062f86151b9d49d65b8f12c52737600bff8bb3462aba7bf23d820bf4d5518,1,4d5a90000300000004000000ffff0000b800000000000000400000000000000000000000000000000000000000000000000000000000000000000000e00000000e1fba0e00b409cd21b8014ccd21546869732070726f6772616d2063616e6e6f742062652072756e20696e20444f53206d6f64652e0d0d0a24000000000000006533
e9a7b43acdddc3d2101995a2e2072381449054a7d8d381e6dc6ed64153c9c96a,1,7f454c4602010100000000000000000002003e0001000000d049410000000000400000000000000000ae1800000000000000000040003800080040001f001e000600000005000000400000000000000040004000000000004000400000000000c001000000000000c001000000000000080000000000000003000000040000000002
7c935dcd672c4854495f41008120288e8e1c144089f1f06a23bd0a0f52a544b1,1,7f454c4602010100000000000000000002003e0001000000d049410000000000400000000000000000ae1800000000000000000040003800080040001f001e000600000005000000400000000000000040004000000000004000400000000000c001000000000000c001000000000000080000000000000003000000040000000002
10ab76cd6d6b50d26fde5fe54e8d80fceeb744de8dbafddff470939fac6a98c4,1,7f454c4602010100000000000000000002003e0001000000e048410000000000400000000000000000ae1800000000000000000040003800080040001f001e000600000005000000400000000000000040004000000000004000400000000000c001000000000000c001000000000000080000000000000003000000040000000002
0cd7b6ea8857ce827180342a1c955e79c3336a6cf2000244e5cfd4279c5fc1b6,1,7f454c4602010100000000000000000002003e0001000000e048410000000000400000000000000000ae1800000000000000000040003800080040001f001e000600000005000000400000000000000040004000000000004000400000000000c001000000000000c001000000000000080000000000000003000000040000000002
fc55f8b61cb79f2b85b8bf35ff1b80f49fc61a860aca7729f35449df4928cd9b,1,4d5a90000300000004000000ffff0000b800000000000000400000000000000000000000000000000000000000000000000000000000000000000000080100000e1fba0e00b409cd21b8014ccd21546869732070726f6772616d2063616e6e6f742062652072756e20696e20444f53206d6f64652e0d0d0a24000000000000004dea
43b7a60c0ef8b4af001f45a0c57410b7374b1d75a6811e0dfc86e4d60f503856,1,4d5a90000300000004000000ffff0000b800000000000000400000000000000000000000000000000000000000000000000000000000000000000000000100000e1fba0e00b409cd21b8014ccd21546869732070726f6772616d2063616e6e6f742062652072756e20696e20444f53206d6f64652e0d0d0a2400000000000000c2d7
f810deb1ba171cea5b595c6d3f816127fb182833f7a08a98de93226d4f6a336f,1,4d5a90000300000004000000ffff0000b800000000000000400000000000000000000000000000000000000000000000000000000000000000000000080100000e1fba0e00b409cd21b8014ccd21546869732070726f6772616d2063616e6e6f742062652072756e20696e20444f53206d6f64652e0d0d0a24000000000000004dea
33203ecb5c34c45dacf64c42c3a24cd4aeb2ceb26b0c58ba97fc8f33319da91b,1,4d5a90000300000004000000ffff0000b800000000000000400000000000000000000000000000000000000000000000000000000000000000000000000100000e1fba0e00b409cd21b8014ccd21546869732070726f6772616d2063616e6e6f742062652072756e20696e20444f53206d6f64652e0d0d0a2400000000000000393a
373a791f058539d72983e38ebe68e98132fcf996d04e9a181145f22a96689386,1,4d5a90000300000004000000ffff0000b800000000000000400000000000000000000000000000000000000000000000000000000000000000000000100100000e1fba0e00b409cd21b8014ccd21546869732070726f6772616d2063616e6e6f742062652072756e20696e20444f53206d6f64652e0d0d0a24000000000000004dea
84d94c032543e8797a514323b0b8fd8bd69b4183f17351628b13d1464093af2d,1,4d5a90000300000004000000ffff0000b800000000000000400000000000000000000000000000000000000000000000000000000000000000000000080100000e1fba0e00b409cd21b8014ccd21546869732070726f6772616d2063616e6e6f742062652072756e20696e20444f53206d6f64652e0d0d0a24000000000000004dea
6cc510a772d7718c95216eb56a84a96201241b264755f28875e685f06e95e1a2,1,4d5a90000300000004000000ffff0000b800000000000000400000000000000000000000000000000000000000000000000000000000000000000000000100000e1fba0e00b409cd21b8014ccd21546869732070726f6772616d2063616e6e6f742062652072756e20696e20444f53206d6f64652e0d0d0a2400000000000000af61
794f3d25c42d383fad485f9af1d6d7c0508bcfe8ed80a1afea0e0b51bf92bc81,1,4d5a90000300000004000000ffff0000b800000000000000400000000000000000000000000000000000000000000000000000000000000000000000000100000e1fba0e00b409cd21b8014ccd21546869732070726f6772616d2063616e6e6f742062652072756e20696e20444f53206d6f64652e0d0d0a2400000000000000393a
0c50992b87ba354a256dfe4356ffa98c8bc5dd231dab0a4dc64413741edb739b,1,4d5a90000300000004000000ffff0000b800000000000000400000000000000000000000000000000000000000000000000000000000000000000000080100000e1fba0e00b409cd21b8014ccd21546869732070726f6772616d2063616e6e6f742062652072756e20696e20444f53206d6f64652e0d0d0a24000000000000004dea
f8c08d00ff6e8c6adb1a93cd133b19302d0b651afd73ccb54e3b6ac6c60d99c6,1,7f454c4602010100000000000000000003003e000100000000090100000000004000000000000000084c1d000000000000000000400038000a00400020001f00060000000500000040000000000000004000000000000000400000000000000030020000000000003002000000000000080000000000000003000000040000007002
3a08e3bfec2db5dbece359ac9662e65361a8625a0122e68b56cd5ef3aedf8ce1,1,7f454c4602010100000000000000000003003e000100000000090100000000004000000000000000084c1d000000000000000000400038000a00400020001f00060000000500000040000000000000004000000000000000400000000000000030020000000000003002000000000000080000000000000003000000040000007002
f7a038f9b91c40e9d67f4168997d7d8c12c2d27cd9e36c413dd021796a24e083,1,7f454c4602010100000000000000000003003e000100000000090100000000004000000000000000084c1d000000000000000000400038000a00400020001f00060000000500000040000000000000004000000000000000400000000000000030020000000000003002000000000000080000000000000003000000040000007002
5121f08cf8614a65d7a86c2f462c0694c132e2877a7f54ab7fcefd7ee5235a42,1,7f454c460101010000000000000000000300030001000000f07000003400000010511d0000000000340020000a00280020001f00060000003400000034000000340000004001000040010000050000000400000003000000740100007401000074010000130000001300000004000000010000000100000000000000000000000000
bd337d4e83ab1c2cacb43e4569f977d188f1bb7c7a077026304bf186d49d4117,1,4d5a90000300000004000000ffff0000b800000000000000400000000000000000000000000000000000000000000000000000000000000000000000800000000e1fba0e00b409cd21b8014ccd21546869732070726f6772616d2063616e6e6f742062652072756e20696e20444f53206d6f64652e0d0d0a24000000000000005045
3d7cf20ca6476e14e0a026f9bdd8ff1f26995cdc5854c3adb41a6135ef11ba83,1,4d5a90000300000004000000ffff0000b800000000000000400000000000000000000000000000000000000000000000000000000000000000000000800000000e1fba0e00b409cd21b8014ccd21546869732070726f6772616d2063616e6e6f742062652072756e20696e20444f53206d6f64652e0d0d0a24000000000000005045
f837f1cd60e9941aa60f7be50a8f2aaaac380f560db8ee001408f35c1b7a97cb,1,4d5a90000300000004000000ffff0000b800000000000000400000000000000000000000000000000000000000000000000000000000000000000000800000000e1fba0e00b409cd21b8014ccd21546869732070726f6772616d2063616e6e6f742062652072756e20696e20444f53206d6f64652e0d0d0a24000000000000005045
3c300726a6cdd8a39230f0775ea726c2d42838ac7ff53bfdd7c58d28df4182d5,1,4d5a90000300000004000000ffff0000b800000000000000400000000000000000000000000000000000000000000000000000000000000000000000080100000e1fba0e00b409cd21b8014ccd21546869732070726f6772616d2063616e6e6f742062652072756e20696e20444f53206d6f64652e0d0d0a2400000000000000e203
7b2449bb8be1b37a9d580c2592a67a759a3116fe640041d0f36dc93ca3db4487,1,4d5a90000300000004000000ffff0000b800000000000000400000000000000000000000000000000000000000000000000000000000000000000000800000000e1fba0e00b409cd21b8014ccd21546869732070726f6772616d2063616e6e6f742062652072756e20696e20444f53206d6f64652e0d0d0a24000000000000005045
c8b3b67ea4d7625f8b37ba59eed5c9406b3ef04b7a19b97e5dd5dab1bd59f283,1,4d5a90000300000004000000ffff0000b800000000000000400000000000000000000000000000000000000000000000000000000000000000000000800000000e1fba0e00b409cd21b8014ccd21546869732070726f6772616d2063616e6e6f742062652072756e20696e20444f53206d6f64652e0d0d0a24000000000000005045
7e363b5f1ba373782261713fa99e8bbc35ddda97e48799c4eb28f17989da8d8e,1,4d5a90000300000004000000ffff0000b800000000000000400000000000000000000000000000000000000000000000000000000000000000000000800000000e1fba0e00b409cd21b8014ccd21546869732070726f6772616d2063616e6e6f742062652072756e20696e20444f53206d6f64652e0d0d0a24000000000000005045
77627a11eb3ee6f7195953a8a793fea69c97166f3afb668fe3d37ebe26643c7a,1,4d5a90000300000004000000ffff0000b800000000000000400000000000000000000000000000000000000000000000000000000000000000000000800000000e1fba0e00b409cd21b8014ccd21546869732070726f6772616d2063616e6e6f742062652072756e20696e20444f53206d6f64652e0d0d0a24000000000000005045
28d7e6fe31dc00f82cb032ba29aad6429837ba5efb83c2ce4d31d565896e1169,1,4d5a90000300000004000000ffff0000b800000000000000400000000000000000000000000000000000000000000000000000000000000000000000800000000e1fba0e00b409cd21b8014ccd21546869732070726f6772616d2063616e6e6f742062652072756e20696e20444f53206d6f64652e0d0d0a24000000000000005045
5bdc0fb5cfbd42de726aacc40eddca034b5fa4afcc88ddfb40a3d9ae18672898,1,4d5a90000300000004000000ffff0000b800000000000000400000000000000000000000000000000000000000000000000000000000000000000000800000000e1fba0e00b409cd21b8014ccd21546869732070726f6772616d2063616e6e6f742062652072756e20696e20444f53206d6f64652e0d0d0a24000000000000005045
7d8671c91a02bfbff8b89a76501b9be017a66a8bba624ed4fe2c7f81b9380ac9,1,23726567696f6e2068656c7065722066756e6374696f6e730d0a66756e6374696f6e204f75742d4465627567285b537472696e675d247468654d736729207b0d0a20202020747279207b0d0a2020202020202020696620282457697468446562756729207b0d0a202020202020202020202020696620285b537472696e675d3a3a49
658e07739ad0137bceb910a351ce3fe4913f6fcc3f63e6ff2eb726e45f29e582,1,4d5a90000300000004000000ffff0000b800000000000000400000000000000000000000000000000000000000000000000000000000000000000000800000000e1fba0e00b409cd21b8014ccd21546869732070726f6772616d2063616e6e6f742062652072756e20696e20444f53206d6f64652e0d0d0a24000000000000005045
be8c5d07ab6e39db28c40db20a32f47a97b7ec9f26c9003f9101a154a5a98486,1,4d5a90000300000004000000ffff0000b800000000000000400000000000000000000000000000000000000000000000000000000000000000000000800000000e1fba0e00b409cd21b8014ccd21546869732070726f6772616d2063616e6e6f742062652072756e20696e20444f53206d6f64652e0d0d0a24000000000000005045
cefea76dfdbb48cfe1a3db2c8df34e898e29bec9b2c13e79ef40655c637833ae,1,4d5a90000300000004000000ffff0000b800000000000000400000000000000000000000000000000000000000000000000000000000000000000000800000000e1fba0e00b409cd21b8014ccd21546869732070726f6772616d2063616e6e6f742062652072756e20696e20444f53206d6f64652e0d0d0a24000000000000005045
8ee191b51b853addc862307c8f641bd251a8b7dd88263d228453bb06882f2464,1,4d5a90000300000004000000ffff0000b800000000000000400000000000000000000000000000000000000000000000000000000000000000000000080100000e1fba0e00b409cd21b8014ccd21546869732070726f6772616d2063616e6e6f742062652072756e20696e20444f53206d6f64652e0d0d0a2400000000000000eb14
59868f4b346bd401e067380cac69080709c86e06fae219bfb5bc17605a71ab3f,1,4d5a90000300000004000000ffff0000b800000000000000400000000000000000000000000000000000000000000000000000000000000000000000800000000e1fba0e00b409cd21b8014ccd21546869732070726f6772616d2063616e6e6f742062652072756e20696e20444f53206d6f64652e0d0d0a24000000000000005045
38834b796ed025563774167716a477e9217d45e47def20facb027325f2a790d1,1,4d5a90000300000004000000ffff0000b800000000000000400000000000000000000000000000000000000000000000000000000000000000000000800000000e1fba0e00b409cd21b8014ccd21546869732070726f6772616d2063616e6e6f742062652072756e20696e20444f53206d6f64652e0d0d0a24000000000000005045
31eb1de7e840a342fd468e558e5ab627bcb4c542a8fe01aec4d5ba01d539a0fc,1,4d5a90000300000004000000ffff0000b800000000000000400000000000000000000000000000000000000000000000000000000000000000000000280100000e1fba0e00b409cd21b8014ccd21546869732070726f6772616d2063616e6e6f742062652072756e20696e20444f53206d6f64652e0d0d0a24000000000000006d96
f815f5d6c85bcbc1ec071dd39532a20f5ce910989552d980d1d4346f57b75f89,1,4d5a90000300000004000000ffff0000b800000000000000400000000000000000000000000000000000000000000000000000000000000000000000800000000e1fba0e00b409cd21b8014ccd21546869732070726f6772616d2063616e6e6f742062652072756e20696e20444f53206d6f64652e0d0d0a24000000000000005045
cda37b13d1fdee1b4262b5a6146a35d8fc88fa572e55437a47a950037cc65d40,1,4d5a90000300000004000000ffff0000b800000000000000400000000000000000000000000000000000000000000000000000000000000000000000800000000e1fba0e00b409cd21b8014ccd21546869732070726f6772616d2063616e6e6f742062652072756e20696e20444f53206d6f64652e0d0d0a24000000000000005045
40f57275721bd74cc59c0c59c9f98c8e0d1742b7ae86a46e83e985cc4039c3a5,1,4d5a90000300000004000000ffff0000b800000000000000400000000000000000000000000000000000000000000000000000000000000000000000800000000e1fba0e00b409cd21b8014ccd21546869732070726f6772616d2063616e6e6f742062652072756e20696e20444f53206d6f64652e0d0d0a24000000000000005045
731adcf2d7fb61a8335e23dbee2436249e5d5753977ec465754c6b699e9bf161,1,4d5a90000300000004000000ffff0000b800000000000000400000000000000000000000000000000000000000000000000000000000000000000000800000000e1fba0e00b409cd21b8014ccd21546869732070726f6772616d2063616e6e6f742062652072756e20696e20444f53206d6f64652e0d0d0a24000000000000005045
0c6f444c6940a3688ffc6f8b9d5774c032e3551ebbccb64e4280ae7fc1fac479,1,4d5a90000300000004000000ffff0000b800000000000000400000000000000000000000000000000000000000000000000000000000000000000000800000000e1fba0e00b409cd21b8014ccd21546869732070726f6772616d2063616e6e6f742062652072756e20696e20444f53206d6f64652e0d0d0a24000000000000005045
c3e5d4e62ae4eca2bfca22f8f3c8cbec12757f78107e91e85404611548e06e40,1,4d5a90000300000004000000ffff0000b800000000000000400000000000000000000000000000000000000000000000000000000000000000000000800000000e1fba0e00b409cd21b8014ccd21546869732070726f6772616d2063616e6e6f742062652072756e20696e20444f53206d6f64652e0d0d0a24000000000000005045
4e18f9293a6a72d5d42dad179b532407f45663098f959ea552ae43dbb9725cbf,1,4d5a90000300000004000000ffff0000b800000000000000400000000000000000000000000000000000000000000000000000000000000000000000800000000e1fba0e00b409cd21b8014ccd21546869732070726f6772616d2063616e6e6f742062652072756e20696e20444f53206d6f64652e0d0d0a24000000000000005045
2587001d6599f0ec03534ea823aab0febb75e83f657fadc3a662338cc08646b0,1,4d5a90000300000004000000ffff0000b800000000000000400000000000000000000000000000000000000000000000000000000000000000000000800000000e1fba0e00b409cd21b8014ccd21546869732070726f6772616d2063616e6e6f742062652072756e20696e20444f53206d6f64652e0d0d0a24000000000000005045
152d0f3fc21fd22affa6012a4b7005e01c5748302a89df7b267cf0f96f61f2f0,1,504b03040a00000000006f6f5153000000000000000000000000190009006b657973746f72652d6578706c6f7265722d6d61737465722f5554050001b38e6c61504b03040a00000000006f6f5153000000000000000000000000210009006b657973746f72652d6578706c6f7265722d6d61737465722f2e6769746875622f555405
1af1ca666e48afc933e2eda0ae1d6e88ebd23d27c54fd1d882161fd8c70b678e,1,4d5a90000300000004000000ffff0000b800000000000000400000000000000000000000000000000000000000000000000000000000000000000000800000000e1fba0e00b409cd21b8014ccd21546869732070726f6772616d2063616e6e6f742062652072756e20696e20444f53206d6f64652e0d0d0a24000000000000005045
96339a7e87ffce6ced247feb9b4cb7c05b83ca315976a9522155bad726b8e5be,1,7f454c4602010103000000000000000002003e0001000000783f400000000000400000000000000038aa0200000000000000000040003800080040001f001c000600000005000000400000000000000040004000000000004000400000000000c001000000000000c001000000000000080000000000000003000000040000000002
0d6c3de5aebbbe85939d7588150edf7b7bdc712fceb6a83d79e65b6f79bfc2ef,1,7f454c4602010103000000000000000002003e00010000005849400000000000400000000000000000c202000000000000000000400038000800400020001d000600000005000000400000000000000040004000000000004000400000000000c001000000000000c001000000000000080000000000000003000000040000000002
7883f01096db9bcf090c2317749b6873036c27ba92451b212b8645770e1f0b8a,1,4d5a90000300000004000000ffff0000b800000000000000400000000000000000000000000000000000000000000000000000000000000000000000100100000e1fba0e00b409cd21b8014ccd21546869732070726f6772616d2063616e6e6f742062652072756e20696e20444f53206d6f64652e0d0d0a2400000000000000f656
e28188e516db1bda9015c30de59a2e91996b67c2e2b44989a6b0f562577fd757,1,4d5a90000300000004000000ffff0000b800000000000000400000000000000000000000000000000000000000000000000000000000000000000000e00000000e1fba0e00b409cd21b8014ccd21546869732070726f6772616d2063616e6e6f742062652072756e20696e20444f53206d6f64652e0d0d0a2400000000000000313b
c4c8be0c939e4c24e11bad90549e3951b7969e78056d819425ca53e87af8d8ed,1,4d5a90000300000004000000ffff0000b800000000000000400000000000000000000000000000000000000000000000000000000000000000000000e00000000e1fba0e00b409cd21b8014ccd21546869732070726f6772616d2063616e6e6f742062652072756e20696e20444f53206d6f64652e0d0d0a240000000000000031e2
350ba7fca67721c74385faff083914ecdd66ef107a765dfb7ac08b38d5c9c0bd,1,4d5a90000300000004000000ffff0000b800000000000000400000000000000000000000000000000000000000000000000000000000000000000000080100000e1fba0e00b409cd21b8014ccd21546869732070726f6772616d2063616e6e6f742062652072756e20696e20444f53206d6f64652e0d0d0a2400000000000000ad98
51eb749d6cbd08baf9d43c2f83abd9d4d86eb5206f62ba43b768251a98ce9d3e,1,4d5a90000300000004000000ffff0000b800000000000000400000000000000000000000000000000000000000000000000000000000000000000000000100000e1fba0e00b409cd21b8014ccd21546869732070726f6772616d2063616e6e6f742062652072756e20696e20444f53206d6f64652e0d0d0a2400000000000000e3cf
07117c02a09410f47a326b52c7f17407e63ba5e6ff97277446efc75b862d2799,1,4d5a90000300000004000000ffff0000b800000000000000400000000000000000000000000000000000000000000000000000000000000000000000100100000e1fba0e00b409cd21b8014ccd21546869732070726f6772616d2063616e6e6f742062652072756e20696e20444f53206d6f64652e0d0d0a2400000000000000e3d7
1391c20a26f248f7c602f20096bf1886cfe7e4d151602a1258a9bbe7c02c1c80,1,4d5a90000300000004000000ffff0000b800000000000000400000000000000000000000000000000000000000000000000000000000000000000000080100000e1fba0e00b409cd21b8014ccd21546869732070726f6772616d2063616e6e6f742062652072756e20696e20444f53206d6f64652e0d0d0a240000000000000097f9
5d2204f3a20e163120f52a2e3595db19890050b2faa96c6cba6b094b0a52b0aa,1,4d5a90000300000004000000ffff0000b800000000000000400000000000000000000000000000000000000000000000000000000000000000000000000100000e1fba0e00b409cd21b8014ccd21546869732070726f6772616d2063616e6e6f742062652072756e20696e20444f53206d6f64652e0d0d0a2400000000000000e7a4
17205c43189c22dfcb278f5cc45c2562f622b0b6280dcd43cc1d3c274095eb90,1,4d5a90000300000004000000ffff0000b800000000000000400000000000000000000000000000000000000000000000000000000000000000000000000100000e1fba0e00b409cd21b8014ccd21546869732070726f6772616d2063616e6e6f742062652072756e20696e20444f53206d6f64652e0d0d0a24000000000000007095
